[{"model": "auth.user", "pk": 1, "fields": {"password": "pbkdf2_sha256$260000$KeUNEmFOgqpOyQfWcrVE8B$KuiFujThkrzK8amUyfHQ4+4x68MdcgBiFch2bI4P4Fw=", "last_login": "2023-02-25T20:59:50.050Z", "is_superuser": true, "username": "danijela", "first_name": "Danijela", "last_name": "Marosan", "email": "danijela.marosan36@gmail.com", "is_staff": true, "is_active": true, "date_joined": "2023-01-05T15:23:24.368Z", "groups": [], "user_permissions": []}}, {"model": "sessions.session", "pk": "0ilxevj948lw284xpuzvfh1s1gexjd3a", "fields": {"session_data": ".eJxVjDsOgzAQBe-ydWT5g22gTM8ZrLV3HZNEIBmoEHdPkGho38y8HRLWFfr9eEDAbS1hW7iGkaAHBbctYvrwdAJ64_SaRZqntY5RnIq46CKGmfj7vNzbQcGl_GvLOvpoXCZKHWql2RgmqTO5rIw32DZeOelbZaWT2UbOTsWGOzTUaI1w_AAwWzsN:1pUpPo:ayaLM2fW4XXjOMCSbnIl-nLjW5u_-JGiQsiv0jE5N2w", "expire_date": "2023-03-08T13:44:12.481Z"}}, {"model": "sessions.session", "pk": "0kv937vo5ungd0zhyel7c68dfhgq5nlf", "fields": {"session_data": ".eJxVjDsOgzAQBe-ydWTFP7Ao0-cM1nrXG5NEIGFTIe6eINHQvpl5GxAuDYZtv0HEtZW41rzEkWEADZctIX3ydAB-4_SaFc1TW8akDkWdtKrnzPn7ON3LQcFa_rVDnQlZjCXbBbLOeZ3QBsmJxTvhYJImK3cjTnruDUqXKSTygdh4hv0HVt48lw:1pUsXs:gxCYwY1XPenszgmva8Y69KCAPfVaONSMEjuM4jVExis", "expire_date": "2023-03-08T17:04:44.736Z"}}, {"model": "sessions.session", "pk": "0tdu6lx3dio76g9876xbqeenet9lesvj", "fields": {"session_data": ".eJxVjDsOgzAQBe-ydWT5owWbMn3OgHbX60ASgcSnQtydINHQvpl5GwhNCzTb_oCW1qVr11mnts_QgIPbxiRfHU6QPzS8RyPjsEw9m1MxF53Na8z6e17u7aCjufvXkbM6WyHXtvZVjTEhopciHEQTW2-tEqWAwZcSIjFmn1xGsRxJJcB-ABzdO0I:1pVDUw:Hvejtu-hBAqbF1op20Zso66Yeks1UcviuJ3gZZWdf7A", "expire_date": "2023-03-09T15:27:06.456Z"}}, {"model": "sessions.session", "pk": "1x7fjw44wd2229saguoyh6tyq8sno62l", "fields": {"session_data": ".eJxVjDsOgzAQBe-ydWT5g22gTM8ZrLV3HZNEIBmoEHdPkGho38y8HRLWFfr9eEDAbS1hW7iGkaAHBbctYvrwdAJ64_SaRZqntY5RnIq46CKGmfj7vNzbQcGl_GvLOvpoXCZKHWql2RgmqTO5rIw32DZeOelbZaWT2UbOTsWGOzTUaI1w_AAwWzsN:1pJiLW:H3z8DQt78MSwmogT1vZhgDX5KuXqfLlcR0vV2vT5HJk", "expire_date": "2023-02-05T21:57:50.836Z"}}, {"model": "sessions.session", "pk": "26kghlv3i5ow1zitu1gmmjcheq4jp0y4", "fields": {"session_data": "eyJjYXJ0Ijp7fX0:1pKTWx:aGCSUCuiUM3kRIHO3qvSD_21hebnfHYW7oJz8LrgIcw", "expire_date": "2023-02-08T00:20:47.194Z"}}, {"model": "sessions.session", "pk": "2cuvg83czc3jwt95v4jr4yu0ts90o41k", "fields": {"session_data": ".eJxVjssOgyAURP-FtSE8BNRl936DuXAvxbaRBHVl_PdqwqLdzpk5mYNNsG9p2lcq04xsYJI1v5mH8KblBviC5Zl5yMtWZs_vCq905WNG-jxq90-QYE3X2pDyzmsbEUMPSirSmlCoiDZK7TR0rZNWuE4aYUU0nqKVvqUeNLZKwSXNBetJ07AAZWPDcZ5fP3Y_NA:1pDXlQ:e34bpZyAmq0MxUPQVj7KitQrPLm5o5LawX_9Rz2BVG0", "expire_date": "2023-01-19T21:27:04.168Z"}}, {"model": "sessions.session", "pk": "2ivembfftxp32d8t0q3w0q6gv2tbsyte", "fields": {"session_data": ".eJxVjEEOgyAQRe_CuiHAKKjL7nsGMzBDsW0wAV0Z715NXLTb_95_mxhxXdK4Vi7jRGIQWtx-N4_hzfkE9ML8nGWY81ImL09FXrTKx0z8uV_uXyBhTce7ZeOdBxuJQo9GGwZgUiaSjRocYNc4bZXrdKusiq3naLVvuEegxhg8ogHLIoZt378lazsN:1pQSvm:VVmRVaFMlQ-fMdzg70ZZa1OwyoGG_1CSXuxfv8Ts8z4", "expire_date": "2023-02-24T12:55:10.577Z"}}, {"model": "sessions.session", "pk": "5sn6bzatm9q2azd17pd0shpnj0wnnr0h", "fields": {"session_data": ".eJxVkcFuwyAQRH8l4mxZ2C6xyampWlU9ROqpV2uBtU2KwQIcKYry74XWUtvrzNthdrmRHtY49WtA32tFDqQixV9NgPxEmw11Bju6UjobvRZlRsrNDeXJKTRPG_svYIIwpelOKKzonomWtvW-ZR1njNVykKKRyAWtKUUA3rCmHoamA8FUzSvFJBUdoGxSqHTr4ux3y7ogg_Yh9hZmTOnPYPUZDSTKwK98Au8C2KTiDNrkJTawnH-sZv84ZiutNScMlPIYQgKPC_g4o427lha7o7VgrrtX7y74i9XkYFdjCrK4EMH0Mh0hl6nYxzt_yI11vGZhFUbnFmHSy6LtmMg1XTF7by-ZS2-Rw-1eEOfV9hEV4wVJR9UX9NdeTuDHHM5Kzsn9C1jrkFE:1pW19z:soFHqQnn6lXOZcJJqiD_nUxUkUo5oNz9hxNNDAek3sQ", "expire_date": "2023-03-11T20:28:47.813Z"}}, {"model": "sessions.session", "pk": "7vvznckez4ujbuwzbaszabq3ewfircnz", "fields": {"session_data": ".eJxVjDEOgzAMRe_iuYqSFFLM2J0zIDt2GtoKpAAT4u4tEgvrf-_9DSKVBdptv0FP65L7ddbSDwItOITLyBQ_Oh5E3jS-JhOncSkDm0MxJ51NN4l-n6d7Ocg053-domfPjaP6gdgIYqUsSUPFITlyMXi2VAuLde6OXAWLQqRsE3oKrLD_AHTQPGo:1pVzaV:7rldu_746sr_2-75qzt4EeqSUC334a0Brd31Lwm0egg", "expire_date": "2023-03-11T18:48:03.816Z"}}, {"model": "sessions.session", "pk": "8sxa3y7il1nzbi8uiat5ifoy9uwofibj", "fields": {"session_data": ".eJxVjsEOgyAQRP-Fc0NYUFCPvfcbzMIu1baBBvVk_Pdq46E9zsybyayix2Ue-mXi0o8kOgHi8ut5DE9OR0APTPcsQ05zGb08EHmmk7xl4tf1ZP8GBpyGvV2z9s4bG4lCixo0G8OkdCQbwTiDTeXAKtdArayKtedowVfcoqFKa9xHQ17eOX1fwq6wzKJbt-0DgWI_qA:1pKfCb:ktKWmosz3C6xSqGTKbnhAh6lAeevAFsoAlUh9LXUOuM", "expire_date": "2023-02-08T12:48:33.124Z"}}, {"model": "sessions.session", "pk": "a4w4mb4ohtxze1a5o9f8qzwrvi2048o2", "fields": {"session_data": ".eJxVjDsOgzAQBe-ydWT5g22gTM8ZrLV3HZNEIBmoEHdPkGho38y8HRLWFfr9eEDAbS1hW7iGkaAHBbctYvrwdAJ64_SaRZqntY5RnIq46CKGmfj7vNzbQcGl_GvLOvpoXCZKHWql2RgmqTO5rIw32DZeOelbZaWT2UbOTsWGOzTUaI1w_AAwWzsN:1pUnLe:_Cn5tOV0UQ2m0eEt6K03WYlx-16JAGItv4b2pMkxy4c", "expire_date": "2023-03-08T11:31:46.396Z"}}, {"model": "sessions.session", "pk": "a9tf6rc7ml8h91698t90nsh2it65hva5", "fields": {"session_data": ".eJxVjDsOgzAQBe-ydWT5g22gTM8ZrLV3HZNEIBmoEHdPkGho38y8HRLWFfr9eEDAbS1hW7iGkaAHBbctYvrwdAJ64_SaRZqntY5RnIq46CKGmfj7vNzbQcGl_GvLOvpoXCZKHWql2RgmqTO5rIw32DZeOelbZaWT2UbOTsWGOzTUaI1w_AAwWzsN:1pUUUp:USFf2kXPQMESOGD9Sud4lBKvCgqOXmMesD9frzJn2KQ", "expire_date": "2023-03-07T15:23:59.928Z"}}, {"model": "sessions.session", "pk": "b33fqe9x412a9sw755qvccc242vpy08z", "fields": {"session_data": "eyJjYXJ0Ijp7fX0:1pVel4:r0TubSWl7aWMpss8b86wp8vmA6gPivO6GpnfNOMuoT8", "expire_date": "2023-03-10T20:33:34.111Z"}}, {"model": "sessions.session", "pk": "bj645qodenwvm5fauk0rxnmsbtjflfa2", "fields": {"session_data": ".eJxVjDsOgzAQRO-ydWStHbzGlOk5g7XsmkASgcSnQtw9INHQTDHvzWwgPC1QbfsDEq9Ll9Y5T6lXqCDCrWtYvnk4gX54eI9GxmGZ-sacirnobOpR8-91ubeDjufuWNvWe0FEFioRnxKlsMokLnC0tqUQvKorG3bYlipEHguNNhMd6SjA_gcdHTqN:1pUwzW:J0I8f0kkOiB2mLZRnGdk58E9ebi2d-4a3CFNt6fj3Eo", "expire_date": "2023-03-08T21:49:34.480Z"}}, {"model": "sessions.session", "pk": "bogdch9xc91cvs02uoo8cjgw720rd784", "fields": {"session_data": ".eJxVkUtvhCAUhf8La2MERIdZNU23s2q6NpeHyoyiBWwymfjfe2lNpmXB4juHcx88SAdbGrst2tA5Q86EkuIvU6Bv1mfBXMEPS6kXn4JTZbaUhxrLy2Ls9Hp4_wWMEEd8LSxTreJNb4yWwCiznFtTsd40PeUth1Pd0qZqT1RUTdULZfuGqtpK4KZmDDC0dyGmzsNsMe8NvLvaKfMJnvgCYYngkdoZ3JTbPozl_Cvx5mXIEg4yow2MCTbG3OGJclo9EUPGhWBcIFuXmGDqNI6Zi1Ox4kGuXbrnIpuaXK4aR7euzg_o3HBPWft4zz4IiZwfRObrcwOffh5STA5O50xaSylLKcm-F2QJ5vgPWouC4G7dlw33To8QBnRX-zezJI30:1pUNCG:RApauaaswA1PmibF-ynMJpYAvek12Snsx34_LN17d_Y", "expire_date": "2023-03-07T07:36:20.520Z"}}, {"model": "sessions.session", "pk": "c293yymzecto51ni8ptfk9pablf8y47j", "fields": {"session_data": ".eJxVzDsOg0AQA9C7TB2thgX2Q5k-Z0BmZwgkEUh8KsTdAxINrf3sjRKmhaptf1CNdenqddap7oUqyuiWNUhfHc5CPhjeo0njsEx9Y05irnY2r1H097zs7aDD3B3rIikjUwuwCy1zdCiYW6tWAhwHeClLCRIj51bzKAcvFMj94UQ87X8s0jtj:1pUsQI:S1MDvdR9NcLxOYpeD3-wrFF8Phel8_lKKURFPfaJEG8", "expire_date": "2023-03-08T16:56:54.709Z"}}, {"model": "sessions.session", "pk": "c6qd2lyvzbcj556bu57sf2pt4yzkz4wd", "fields": {"session_data": "eyJjYXJ0Ijp7fX0:1pK3pW:WVjtj_EiQdKAF7sKei9KuetvrSiEroyYeMUE0TfivH8", "expire_date": "2023-02-06T20:54:14.216Z"}}, {"model": "sessions.session", "pk": "cmp63uqzlmci3d44lgl5iuwlmvhr9hqp", "fields": {"session_data": ".eJxVjDsOgzAQBe-ydWRh4y9les5grXc3gSQCyUCFuHuEREP7ZubtQFhX6PbjARm3dcjbIjWPDB1ouG0F6SvTCfiD03tWNE9rHYs6FXXRRfUzy-95ubeDAZfhrI3zJqF22JrGBW1KDGSEbfTCbbQhlcZyMiEFFOeC-MhCUXv3aiwSwfEHBHk6oQ:1pUr0B:42UB2IIv4y8y0eQr6HU-GpYkFJohbzRjgzaajd7ESGQ", "expire_date": "2023-03-08T15:25:51.365Z"}}, {"model": "sessions.session", "pk": "cnkk1xv8o71znnk7yzzys8j2oaojwu13", "fields": {"session_data": ".eJxVjEEOgyAQRe8y64aAgIDL7j0DGWcmxbbRRHRlvHtr4sbtf-_9HQiXFbr9eEDGbS15q7LkkaEDA7dtQPrIdAJ-4_SaFc3TuoyDOhV10ar6meX7vNzbQcFa_jWZhlsOlJwO1muUhCSBRZvBcRt9TNG6GA3FxpFFNJIErfbWk3gfEI4fJV068g:1pUqhH:vhC6Z1ZwNZ1AGRQPXfIEXgfgEAgxvG1tzUSrix703K8", "expire_date": "2023-03-08T15:06:19.718Z"}}, {"model": "sessions.session", "pk": "els0p1nsgyzbaj3joj40cqe76jqz1d0v", "fields": {"session_data": "eyJjYXJ0Ijp7fX0:1pKTWx:aGCSUCuiUM3kRIHO3qvSD_21hebnfHYW7oJz8LrgIcw", "expire_date": "2023-02-08T00:20:47.233Z"}}, {"model": "sessions.session", "pk": "f1f3nh58n3axkk7dsxb164q9kscusma0", "fields": {"session_data": ".eJxVkMtuwyAQRf-FdYV42NjJquo-34AGGGJSDBXgRRXl3wttpLbbc-8czcydaDjapo-KRQdHzoSTl7_MgH3HNAJ3g3TN1ObUSjB0VOgzrfSSHca3Z_efYIO69ekZhVmMVN45ewLBBUqJjgnvlOdykbBOC1dsWfnMFPOzQa-4mfAE0k1CQJf6UGrTCXbsvoa5owi_5AIlV0id4g4hjo0hhRtGoPtPJNXrdUT9hr3XwLmCtY7lVi456-gj1wZR237NeMX8DW1on8N2mBiG3kJp5Hx_PL4AacRmuA:1pRaXH:E92FUqyxuMgHOMbEmOt4E-dNRvGyoTn3NyjtQOnlB50", "expire_date": "2023-02-27T15:14:31.691Z"}}, {"model": "sessions.session", "pk": "fgg1e7y10ye0yjugqp9enzaqissojg9u", "fields": {"session_data": ".eJxVkM1ugzAQhF8l8hkhbPOT5NRUraoeIvXUK1rwAk6NjWyIhKK8e9ctUtqjZ75dz86N1bDMQ70E9LVW7Mg4S_5qDbRfaKOhLmB7l7bOzl43aUTSzQ3p2Sk0zxv7b8EAYaDpAkVTNbLslGoPILhAKVFlolNlx2UlYZ9XvMyqPS-yMuuKBruSNzkeQKpcCKClnfZhri2MSPtewOoLmqgbeMhn8C6AJRVH0CbG3sB0_LVk-dRHiw4ZCQOlPIZA4GkCP49o512VJbuTtWDW3Zt3V3xggh3tYkzCJhdmMHVLZ8cwvPj8OOTEtXpeo7A0RscUYdDTpG1P5EK9Re_9lXTn1VY4z3Mac8vk7M9bJIyq1Ff0a90O4Hv6IEszYigeO97u92-IN4-L:1pUCl0:UiP3SbktA452Ssmu4YTAbqZGXEqrg6L6mXJHAtxqE1E", "expire_date": "2023-03-06T20:27:30.600Z"}}, {"model": "sessions.session", "pk": "gnkky5m50y9g6cqbp9o6kkl8qwmmehjf", "fields": {"session_data": "eyJjYXJ0Ijp7fX0:1pKTWx:aGCSUCuiUM3kRIHO3qvSD_21hebnfHYW7oJz8LrgIcw", "expire_date": "2023-02-08T00:20:47.326Z"}}, {"model": "sessions.session", "pk": "ig74cjca18fmzdlyudyfsmruif7v5xou", "fields": {"session_data": "eyJjYXJ0Ijp7fX0:1pT0FG:MBAHbkOF8skk5RGE0WrWSBdOd-td_2FIjCfuiZEV7mM", "expire_date": "2023-03-03T12:53:46.977Z"}}, {"model": "sessions.session", "pk": "igjviflfwvd77fn958xvpa35rc0mvsy2", "fields": {"session_data": ".eJxVjDsOgzAQBe-ydWT5wzqGMj1nQLtrE5NEIIGpEHcPSDS0M_PeBkJzgWbbH9DRWnK3LmnuhggNGLgxJvmm8RTxQ-N7UjKNZR5YnYm67KLaKabf62pvB5mWfKxFKoPk0BpGT4GE44EIXYjIPrD1aFFcz8_ahj5pbbSpEINIzY50gP0PMps7Bw:1pUqqU:UahxTpZk-ORQLNEmyk28actLXv0uvJvvE55YEI5UsSY", "expire_date": "2023-03-08T15:15:50.144Z"}}, {"model": "sessions.session", "pk": "jf1q2lbrry96k0i6vupzeiqjytoqfcrs", "fields": {"session_data": ".eJxVjDEOgzAMRe_iuYqKkxDD2L1nQHacFNoKJAIT4u4tEgvrf-_9DSLPC7TbfoOO16Xv1pLmblBooYLLJhw_aTyAvnl8TSZO4zIPYg7FnLSY56Tp-zjdy0HPpf_XklDQUnKC4V6RRMHY1I2T4BhzYKXaWqXsswYXs5B6R7bySZHQU4b9BzX2O2E:1pUpVc:avECZRHengQEGf3cZBhiFFdWXaGsKl5E4cBtcjPl_NQ", "expire_date": "2023-03-08T13:50:12.507Z"}}, {"model": "sessions.session", "pk": "lcsmfp5rg7ma18dkf6fuzt18m2sbjozt", "fields": {"session_data": ".eJxVjEEOwiAQRe_C2hCgBR2X7j0DmWEGqRpISrsy3l2bdKHb_977LxVxXUpcu8xxYnVWXh1-N8L0kLoBvmO9NZ1aXeaJ9KbonXZ9bSzPy-7-HRTs5VsHZ9nbzAGDH8GIRR6TyTCAWMuCDtxRgAYRkIFOnDgQZ0EUSiEZo94f95o5Tg:1pKeVe:wxe-r28DvdC_QUxrJYzKAkb8Ge-bxZEAXCtGtA3U964", "expire_date": "2023-02-08T12:04:10.970Z"}}, {"model": "sessions.session", "pk": "ltpmocojqlubyg135clxkyp6eh7nmipz", "fields": {"session_data": ".eJxVjDsOgzAQBe-ydWTZa_yBMn3OgNb2OiaJsMSnQtw9INHQzsx7G0SaFui2_QE9rUvp15mnfkjQgYIbCxS_PJ4ifWh8VxHruExDEGciLjuLV038e17t7aDQXI412oaccsoY9JiMtY2OKkeP8SDSO9kGrbB1qcmGsyQp2eqgEJlDtjnD_gfq9jpW:1pUqaM:zyRcqRsMXNEexvdhZmvXZBjAd2nicTUiHH9tT4_EUnA", "expire_date": "2023-03-08T14:59:10.345Z"}}, {"model": "sessions.session", "pk": "lx46p2rktnxwtfy4fsd36a2ssb5fjlqc", "fields": {"session_data": ".eJxVjDsOgzAQBe-ydWT5g22gTM8ZrLV3HZNEIBmoEHdPkGho38y8HRLWFfr9eEDAbS1hW7iGkaAHBbctYvrwdAJ64_SaRZqntY5RnIq46CKGmfj7vNzbQcGl_GvLOvpoXCZKHWql2RgmqTO5rIw32DZeOelbZaWT2UbOTsWGOzTUaI1w_AAwWzsN:1pKGGs:Xhn_wkrXjOISLmaGDDgKCBNZJX33GlBEgy6QCVc15a8", "expire_date": "2023-02-07T10:11:18.872Z"}}, {"model": "sessions.session", "pk": "muabdrvbhra3uh49koung2pqa9bo29ij", "fields": {"session_data": ".eJxVkMFqxCAQht_F8xKiRpPsqSy9FgqlvYYxYxK3RoOaQ1n23attYNvjfP_njDM3MsCelmGPOgwGyZlQcvrLFIyf2pUAr-BmX43epWBUVZTqSGP14lHby-H-a7BAXPJroZlqFZcT4tgDo0xzrrFmE8qJ8pZD17RU1m1HRS3rSSg9Saoa3QPHhjHITScTYhocrDr3ewZnrtoWbuGBEbAgvYKxP-WvVa0QfATH5dNcorzFmjVADDrG8r2Oclo_EMuMC8G4yGzzMYEdxrxjmUzFx2vfZD6a9FWG7Moal-u4mG0zbs7mno9Usve34kFI5Hy7n4gPeNyZ8vr-DVHhemU:1pU7yp:ctHvFaWuJC3peRZPFmj5xyctPwd2qowgMvjTWTO-FzY", "expire_date": "2023-03-06T15:21:27.415Z"}}, {"model": "sessions.session", "pk": "mw66ztyl87js6p52ow13kxs730ni9eem", "fields": {"session_data": "eyJvcmRlcl9pZCI6NiwiY2FydCI6e319:1pIFHF:zT7C-qsMOELaHRGJuuXHwh23_kB8EYzP1n96LFS_7p4", "expire_date": "2023-02-01T20:43:21.727Z"}}, {"model": "sessions.session", "pk": "n0xq1jf0u44342uowgskdbemfb6fequd", "fields": {"session_data": "eyJjYXJ0Ijp7fX0:1pKKyG:rUGXO3kJt_1qKFwU_QIkcvTfxjocsfnnu1y1ay7YYFM", "expire_date": "2023-02-07T15:12:24.018Z"}}, {"model": "sessions.session", "pk": "o5xionz0jmhh2cvlh2u4cdga0jvckc0y", "fields": {"session_data": "eyJjYXJ0Ijp7fX0:1pKTWx:aGCSUCuiUM3kRIHO3qvSD_21hebnfHYW7oJz8LrgIcw", "expire_date": "2023-02-08T00:20:47.156Z"}}, {"model": "sessions.session", "pk": "ogc7aqk1gfn3yc85233e4z8m1axy98fw", "fields": {"session_data": ".eJxVjjsOgzAQRO_iOrL8ARso0-cMaO1dBxJkI4MrxN0DEUXSvpl5mo31UNahLwvlfkTWMcluv8yBf1M8A3xBfCbuU1zz6PhZ4Ve68EdCmu5X908wwDIc65qUs06bgOhbUFKR1oRCBTRBaquhqaw0wjayFkaE2lEw0lXUgsZKKTikPpU5xe_LWKbpAJBX1m37_gFJk0Ey:1pQAwc:H0rDpuBktN0mo9R7LcnixmUAjS3r4d99TArO1QG9xWM", "expire_date": "2023-02-23T17:42:50.133Z"}}, {"model": "sessions.session", "pk": "poo5xrw9fvemkq2963xo0gfal6hftqqc", "fields": {"session_data": ".eJxVjDsOgzAQBe-ydWT5g22gTM8ZrLV3HZNEIBmoEHdPkGho38y8HRLWFfr9eEDAbS1hW7iGkaAHBbctYvrwdAJ64_SaRZqntY5RnIq46CKGmfj7vNzbQcGl_GvLOvpoXCZKHWql2RgmqTO5rIw32DZeOelbZaWT2UbOTsWGOzTUaI1w_AAwWzsN:1pUagF:n8J5GH_l0TYTqcMLRA1rcib9LkrTlADJ-luAzpBwV80", "expire_date": "2023-03-07T22:00:11.475Z"}}, {"model": "sessions.session", "pk": "ps24f9oao410dl84se4bt2x8qt99bfbv", "fields": {"session_data": ".eJxVkM1qwzAQhF_F6GyMJfknzqkpLaWHQE-9mpW1spXKspHkQgh590rUkPY68-3s7N5ID1uY-s2j67UkR0JJ_lcTMHyhTYa8gB2XYlhscFoUCSl21xfnRaJ53tl_ARP4KU7XyEQreKOkHDpglCHnKEumZKMobzkcqpY2ZXugddmUqhaoGioq7IDLijGIoUo7H3oLM8a8F7D6gibpBh7yGdziwUYVZ9Am1d7BYv61ePM0JiseMkcMpHTofQRPK7gwow1ZW-bZyVow1-zNLd_4wBg52s2YnKyLD2D6IZ6dytD686OrIjfocE3CJoxOLfyk11XbMZJb_Fvy3l8TF3eR4-1-_wGYKn7_:1pSMCS:euUAUWUZ3xcOZH7LEfnV_Qi-gzvexvupwDt6t8h13LI", "expire_date": "2023-03-01T18:08:12.024Z"}}, {"model": "sessions.session", "pk": "pugsdzj4evgws9js2g3adjfytajmvimr", "fields": {"session_data": ".eJxVjDsOgzAQBe-ydWTZjg02ZfqcAa33E0gikPhUiLsnSDS0b2beBoTTAs2236DFdenadZap7RkacHDZCtJHhgPwG4fXaGgclqkv5lDMSWfzHFm-j9O9HHQ4d_86phLFUR0oVJVqiM5lGzTZkEXvwRdUq5SY795KZkIvkchHp6V2iTPsPykXO4M:1pUqnN:q_HvlimMAZTSImlve8pVX-t-ba-_o0E6twIbNUkHhvA", "expire_date": "2023-03-08T15:12:37.868Z"}}, {"model": "sessions.session", "pk": "rmnmyugehpiofs7r22zsv251z5qnfol1", "fields": {"session_data": ".eJxVkEFuwyAQRe_CukIGDHayqqpucwY0wBCTYlwBXlRR7l5oLaXdvv_4M8OdaNjroveCWQdHzoSRl7_MgP3A1AN3g3TdqN1SzcHQrtAjLfSyOYxvh_uvYIGytNcSuZmMUN45ewLOOAqBbuDeKc_EJGAeJ6aGaWZyUIOXBr1iZsQTCDdyDq3Uh1yqTrBi63uHFG4YO4_wxBfIW4HUKK4QYl_7EOn6Gwn1eu1RO2RtGjiXsZS-4cwEG56INyak5EI29rmVClHbdmb_I_kj2lC_-oTdxNBHWsiVnO-Pxze_vW3F:1pRxCl:-hBt3azUFO9UKayUvlgPuEzqmwaRE6G0H827mOTJ_o8", "expire_date": "2023-02-28T15:26:51.038Z"}}, {"model": "sessions.session", "pk": "th6ldiq9r2hgajwplchtno1z7dqiemvc", "fields": {"session_data": ".eJxVkEFvhCAQhf-L58YICOqemk176GGTnno1gwzKVtEAHprN_vcOrcm24fa9x5s3cyt62NPU7xFD70xxKljx9JdpGD7RZ8FcwY9rOaw-BafLbCkPNZaX1eB8Prz_AiaIE_2WyHWjhbLGDB1wxlEINBW3RlkmGgFt3TBVNS2Tlaqs1GgV0zV2IEzNOVCodSGm3sOClPcC3l1xznyGB75AWCN4oriAm3Ptw1guv5JQz2OWaJGFbGBMwBhzw5YJVj0QJyak5EIS29aYYO4HWjMPZ_LjvauJDy59_QzJL5eJk9s250ey7nSoLL69ZiOEVJxu9_s3TWV3Pg:1pU1Ea:ydOUR2Ms-Q7QlEmZfhvIZ0Sf4GN5gqjfvdgas37Xhes", "expire_date": "2023-03-06T08:09:16.882Z"}}, {"model": "sessions.session", "pk": "wcsox79w4xb8o8ccfw3y4vl2987t403p", "fields": {"session_data": ".eJxVj0FqwzAQRa9ivA7Gkmw5ziopha4CXXVrRtIoVipLQZILIeTulaih7fb9N39mHvUEa5qnNWKYjKoPNal3f5kA-YmuBOoK7uIb6V0KRjRFabY0Nmev0L5s7r-CGeKcp3ukYhCMa6XkCJRQZAxVS7XimrCBwb4bCG-HPelb3upeoOZEdDgCUx2lkEu1CTFNDhbMfa_gzBVt4RZ-8RmCj-AyxQWMLWdvYrP8RIwfLyXKjyxZA6UCxpjF0w1CWtClamh31ck5sPfqLfgvzNrNxwR2kvnNspz0H-9jl7k06V7AKqwpW2XuqA-P5_MbsgNxMQ:1pRIV3:vJTb6hW7dDUrSAyGfbm1Le8kPjbI0pLXSBb5ECEdhhY", "expire_date": "2023-02-26T19:59:01.977Z"}}, {"model": "sessions.session", "pk": "wgp7474sljz530c1uetcc0ql0zlzb31f", "fields": {"session_data": ".eJxVjDsOgzAQBe-ydWT5owWbMn3OgHbX60ASgcSnQtydINHQvpl5GwhNCzTb_oCW1qVr11mnts_QgIPbxiRfHU6QPzS8RyPjsEw9m1MxF53Na8z6e17u7aCjufvXkbM6WyHXtvZVjTEhopciHEQTW2-tEqWAwZcSIjFmn1xGsRxJJcB-ABzdO0I:1pW1n1:bysV04kafC2v2Pau7D1G5ZZIHjc_34sMJMguczmMlU8", "expire_date": "2023-03-11T21:09:07.404Z"}}, {"model": "sessions.session", "pk": "wldan8x01kygqq6vgp1ehxa3xe8nzos2", "fields": {"session_data": ".eJxVjDsOgzAQBe-ydWT5g22gTM8ZrLV3HZNEIBmoEHdPkGho38y8HRLWFfr9eEDAbS1hW7iGkaAHBbctYvrwdAJ64_SaRZqntY5RnIq46CKGmfj7vNzbQcGl_GvLOvpoXCZKHWql2RgmqTO5rIw32DZeOelbZaWT2UbOTsWGOzTUaI1w_AAwWzsN:1pJxgT:K4ORCm6-crs8fyuGzzjqap1YnDO8VBOyqvZRKjFwj6g", "expire_date": "2023-02-06T14:20:29.869Z"}}, {"model": "sessions.session", "pk": "x10fdz22ubxfy5oblcdg66bdbqredyc6", "fields": {"session_data": ".eJxVjDEOgzAMRe_iuYpikjiFsXvPgOw4FNoKJAIT4u4tEgvrf-_9DRLPCzTbfoOW16Vv15LndlBoAOGyCadPHg-gbx5fk0nTuMyDmEMxJy3mOWn-Pk73ctBz6f-1VeXKoetyFzLdCYXIh0iCGEnZOxc5BBYRi7WIZvJqK61DJTEGj7D_ACbXOt0:1pUq9V:PR66dWLsdUGzYJMTezhzz4nTPQuJm9RgiH_gP0EZNIc", "expire_date": "2023-03-08T14:31:25.989Z"}}, {"model": "sessions.session", "pk": "xv1b7vqt8d2gonac187b2so1a4t6xq91", "fields": {"session_data": ".eJxVjDsOgzAQBe-ydWRhY2OHMj1nsNa7S0wSGYlPhbh7ZImG9s3MO4Bw2aA_zgdE3Lcc91WWODH0oOG2JaSvlAr4g-U9K5rLtkxJVUVddFXDzPJ7Xe7tIOOaa62NawN3yZMRT5obcqPDxgbxow3O6U77ZHm0gh1jkOBCawhFEz2N93D-ASy5O1g:1pUptC:zn9fyt2IY8UR4vyXUaHRCR0niOmD0Pf_WuEAkTNzjFk", "expire_date": "2023-03-08T14:14:34.766Z"}}, {"model": "sessions.session", "pk": "ybkauxxpd1qhm8buof1lp4sgp2dvhzcv", "fields": {"session_data": "eyJvcmRlcl9pZCI6MTEsImNhcnQiOnt9fQ:1pJF60:UZmMHPx2bJVfNQDyZH7Zms-UiqNPj7G8OYrg5t6tXx4", "expire_date": "2023-02-04T14:43:52.899Z"}}, {"model": "sessions.session", "pk": "yjkcfkdydtdxqechmh2u798ly2jegidj", "fields": {"session_data": "eyJjYXJ0Ijp7fX0:1pKUdQ:t_wsSpNWqlN80ZnNqYA0GA3DwPLoDPIGHwW2tHBaiHQ", "expire_date": "2023-02-08T01:31:32.778Z"}}, {"model": "sessions.session", "pk": "ys7ljl3cb3hsjqvxwzj8a25ibvm1z367", "fields": {"session_data": ".eJxVjDsOgzAQBe-ydWT5owWbMn3OgHbX60ASgcSnQtydINHQvpl5GwhNCzTb_oCW1qVr11mnts_QgIPbxiRfHU6QPzS8RyPjsEw9m1MxF53Na8z6e17u7aCjufvXkbM6WyHXtvZVjTEhopciHEQTW2-tEqWAwZcSIjFmn1xGsRxJJcB-ABzdO0I:1pVWMz:03YusorZ2ohgrZ91ujamurfxx2Zc1nK9g2QHQfg6fnE", "expire_date": "2023-03-10T11:36:09.542Z"}}, {"model": "sessions.session", "pk": "zyetr5tjmo56kv0886ylgvv66jwt9tt8", "fields": {"session_data": "eyJjYXJ0Ijp7fX0:1pVK1x:sGuQmu7OQ4yAJNaVh29ZCZJDFlpokTvJDa4L2rGVw6c", "expire_date": "2023-03-09T22:25:37.657Z"}}, {"model": "shop.category", "pk": 1, "fields": {"name": "Necklaces", "slug": "necklaces"}}, {"model": "shop.category", "pk": 3, "fields": {"name": "Rings", "slug": "rings"}}, {"model": "shop.category", "pk": 4, "fields": {"name": "Earrings", "slug": "earrings"}}, {"model": "shop.product", "pk": 2, "fields": {"category": 1, "name": "Silver Heart Necklace", "slug": "silver-heart-necklace", "image": "image/upload/v1674391932/oh3j8evdyfibzbizycba.jpg", "description": "This beautiful silver heart necklace is the perfect accessory for any occasion. The delicate heart pendant is crafted from high-quality 925 sterling silver and hangs from a dainty silver chain. The intricate design and high-shine finish make this necklace truly special. Whether you're dressing up for a night out or looking for an everyday accessory, this silver heart necklace is sure to be a favorite. Show someone you care with this meaningful and timeless piece of jewelry.", "price": "750.00", "available": true, "created": "2023-01-22T12:52:12.996Z", "updated": "2023-01-22T12:55:26.681Z"}}, {"model": "shop.product", "pk": 3, "fields": {"category": 1, "name": "Yellow Stone Necklace", "slug": "yellow-stone-necklace", "image": "image/upload/v1674392118/gkw66szsrtp0g0vgapep.jpg", "description": "This stunning yellow stone necklace is a true statement piece. The large, radiant yellow stone sits at the center of the necklace, surrounded by a halo of sparkling clear stones. The stone is set in a gold plated alloy that adds a touch of luxury to the necklace. The necklace is also adjustable and can be worn in different lengths. Whether you're wearing it with a little black dress or adding some sparkle to a casual outfit, this yellow stone necklace is sure to turn heads. Show off your bold style with this must-have accessory.", "price": "699.99", "available": true, "created": "2023-01-22T12:55:18.769Z", "updated": "2023-01-22T12:55:18.769Z"}}, {"model": "shop.product", "pk": 4, "fields": {"category": 1, "name": "Silver Square Necklace", "slug": "silver-square-necklace", "image": "image/upload/v1674392636/hqkaiphajxwlektqxolt.jpg", "description": "Make a bold statement with this unique silver necklace featuring a striking square rock in the center. The rock is made of natural semi-precious stone and is beautifully set in a sleek, modern silver setting. The necklace is crafted from high-quality 925 sterling silver and hangs from a sturdy silver chain. The square pendant is large enough to make a statement but still subtle enough to be worn everyday. This necklace is perfect for those who love natural stones and want to add a touch of elegance to their everyday style.", "price": "889.99", "available": true, "created": "2023-01-22T13:03:57.140Z", "updated": "2023-01-22T13:03:57.140Z"}}, {"model": "shop.product", "pk": 5, "fields": {"category": 3, "name": "Emerald Square Ring", "slug": "emerald-square-ring", "image": "image/upload/v1674392721/mtp5u15az2jskl6yk9ir.jpg", "description": "Make a statement with this stunning emerald square ring. The center of the ring features a dazzling emerald-cut emerald set in a classic four-prong setting. The emerald is surrounded by a halo of sparkling white diamonds and further accentuated by diamond-studded shoulders. The ring is crafted from high-quality 14k white gold that adds a touch of luxury to this piece. Perfect for special occasions, this ring will make a beautiful addition to any jewelry collection. Its timeless design and natural gemstone makes it a perfect ring for all ages and styles.", "price": "1000.00", "available": true, "created": "2023-01-22T13:05:21.365Z", "updated": "2023-01-22T13:05:21.365Z"}}, {"model": "shop.product", "pk": 6, "fields": {"category": 3, "name": "Pink Multiple Stone Ring", "slug": "pink-multiple-stone-ring", "image": "image/upload/v1674392922/tuegpveys0kzz5ffs6xp.jpg", "description": "This gorgeous pink three-stone ring is a true showstopper. The center of the ring features a stunning round-cut pink gemstone, surrounded by two sparkling white diamonds. The stones are set in a elegant white gold band that adds a touch of luxury to this piece. This ring is perfect for those who want to add a pop of color to their jewelry collection. The pink gemstone is a symbol of love and friendship and the three stones represent the past, present, and future. This ring is perfect for any special occasion, whether it's an engagement, anniversary or just a way to treat yourself.", "price": "850.00", "available": true, "created": "2023-01-22T13:08:43.020Z", "updated": "2023-01-22T13:08:43.020Z"}}, {"model": "shop.product", "pk": 7, "fields": {"category": 3, "name": "Pink and Gold Round Ring", "slug": "pink-and-gold-round-ring", "image": "image/upload/v1674393005/qufw0nathemhysau6jd5.jpg", "description": "This elegant pink and gold round ring is the perfect addition to any jewelry collection. The center of the ring features a striking round-cut pink gemstone, set in a unique 14k gold band with a rose gold finish. The ring is adorned with sparkling white diamonds that add a touch of sparkle to this piece. The pink gemstone is a symbol of love and friendship and the combination of pink and gold colors make this ring a perfect gift for any special occasion. Whether you're looking for a new everyday ring or a special something for a loved one, this pink and gold round ring is sure to impress.", "price": "749.99", "available": true, "created": "2023-01-22T13:10:06.323Z", "updated": "2023-01-22T13:10:06.323Z"}}, {"model": "shop.product", "pk": 9, "fields": {"category": 3, "name": "Darya-I-Nur Square Stone Ring", "slug": "darya-i-nur-square-stone-ring", "image": "image/upload/v1674393174/qu633nrh7nv9rth7yikt.jpg", "description": "The Darya-i-Nur ring is a true masterpiece, featuring a stunning pink square-cut gemstone that is the centerpiece of this luxurious piece. The gemstone is set in a 14K gold band with intricate filigree designs and is surrounded by a halo of sparkling white diamonds. The ring is named after the famous diamond of the same name and the pink stone symbolizes love and romance. The square cut of the gemstone adds a modern touch to this traditional design. This ring is perfect for those who appreciate the finer things in life and want to add a touch of elegance to their jewelry collection.", "price": "14999.99", "available": true, "created": "2023-01-22T13:12:54.859Z", "updated": "2023-01-22T13:12:54.859Z"}}, {"model": "shop.product", "pk": 10, "fields": {"category": 3, "name": "Sapphire Ring", "slug": "sapphire-ring", "image": "image/upload/v1674393276/jjogu0jmpi4s3x165drv.jpg", "description": "This breathtaking sapphire ring is sure to take your breath away. The center of the ring features a stunning deep blue sapphire, set in a classic four-prong setting. The sapphire is surrounded by a halo of sparkling diamonds and further accentuated by diamond-studded shoulders. The ring is crafted from high-quality 14K white gold that adds a touch of luxury to this piece. Sapphire is the birthstone of September, making this ring a perfect gift for those born in that month. The deep blue color of the sapphire is also a symbol of wisdom, truth, and loyalty. This ring is perfect for any occasion and will make a beautiful addition to any jewelry collection.", "price": "1700.00", "available": true, "created": "2023-01-22T13:14:36.934Z", "updated": "2023-01-22T13:14:36.934Z"}}, {"model": "shop.product", "pk": 11, "fields": {"category": 3, "name": "Silver Engagement Ring", "slug": "silver-engagement-ring", "image": "image/upload/v1674393374/vyohqgoyfbghccmjetcn.jpg", "description": "This beautiful silver engagement ring is the perfect symbol of love and commitment. The ring features a sparkling round-cut diamond at the center, set in a classic four-prong setting. The diamond is further accentuated by a halo of smaller diamonds and the band is crafted from high-quality 925 sterling silver. The silver band is elegant and timeless making it perfect for any style. The ring is available in multiple diamond options, from small to larger sizes, to match your budget. The ring is also perfect for those who prefer a more subtle and understated engagement ring. This ring is a perfect representation of your love and commitment and will be cherished for a lifetime.", "price": "10000.00", "available": true, "created": "2023-01-22T13:16:14.529Z", "updated": "2023-01-22T13:16:14.529Z"}}, {"model": "shop.product", "pk": 12, "fields": {"category": 4, "name": "Yellow and Gold Square Earrings", "slug": "yellow-and-gold-square-earrings", "image": "image/upload/v1674393475/rkdftqzhluq9zptrcjsr.jpg", "description": "Make a statement with these elegant yellow and gold square earrings. The earrings feature a large radiant yellow stone set in a modern gold-plated alloy square setting. The yellow stone is a natural semi-precious stone, adding a touch of natural beauty to these earrings. The square shape adds a unique and modern touch to these earrings. The earrings are lightweight and comfortable to wear, making them perfect for any occasion. These earrings are perfect for those who love natural stones and want to add a touch of elegance to their everyday style.", "price": "890.00", "available": true, "created": "2023-01-22T13:17:55.875Z", "updated": "2023-01-22T13:17:55.875Z"}}, {"model": "shop.product", "pk": 13, "fields": {"category": 4, "name": "Pink Gem Clip Earrings", "slug": "pink-gem-clip-earrings", "image": "image/upload/v1674393591/fn5oes8moeilwj9eshnl.jpg", "description": "These stunning pink gem clip earrings are the perfect accessory for any occasion. The earrings feature a large radiant pink stone at the center, surrounded by a crown of sparkling silver stones. The pink stone is set in a gold plated alloy setting that adds a touch of luxury to these earrings. The earrings have a clip-on style which ensures a comfortable fit and easy wear. These earrings are perfect for those who want to add a pop of color to their jewelry collection and want to make a statement with their earring choice.", "price": "750.00", "available": true, "created": "2023-01-22T13:19:51.394Z", "updated": "2023-01-22T13:19:51.394Z"}}, {"model": "shop.product", "pk": 14, "fields": {"category": 4, "name": "Brown Dangling Earrings", "slug": "brown-dangling-earrings", "image": "image/upload/v1674393695/qsaxzmzg9qexda2vuhbi.jpg", "description": "Make a statement with these unique brown dangling earrings. The earrings feature a beautiful natural brown stone that dangles from a gold-plated alloy hook. The stone is a natural semi-precious stone, adding a touch of natural beauty to these earrings. The earrings are lightweight and comfortable to wear, making them perfect for any occasion. The long dangle design gives a unique and elegant look and the brown color of the stone is perfect for the winter season. These earrings are perfect for those who love natural stones and want to add a touch of elegance to their everyday style.", "price": "950.00", "available": true, "created": "2023-01-22T13:21:35.428Z", "updated": "2023-01-22T13:21:35.428Z"}}, {"model": "shop.review", "pk": 1, "fields": {"product": 5, "user": 1, "body": "ifjslidfm", "rating": 1, "created": "2023-02-23T18:32:51.283Z", "updated": "2023-02-23T18:32:51.283Z", "active": true}}, {"model": "shop.review", "pk": 2, "fields": {"product": 11, "user": 1, "body": "Nice!", "rating": 4, "created": "2023-02-24T10:41:47.172Z", "updated": "2023-02-24T10:41:47.172Z", "active": true}}, {"model": "shop.review", "pk": 3, "fields": {"product": 13, "user": 1, "body": "cool", "rating": 4, "created": "2023-02-24T17:25:19.453Z", "updated": "2023-02-24T17:25:19.453Z", "active": true}}, {"model": "shop.review", "pk": 4, "fields": {"product": 4, "user": 1, "body": "None", "rating": 3, "created": "2023-02-24T22:53:34.125Z", "updated": "2023-02-24T22:53:34.125Z", "active": true}}, {"model": "shop.review", "pk": 5, "fields": {"product": 4, "user": 1, "body": "Noneok", "rating": 3, "created": "2023-02-24T22:53:46.984Z", "updated": "2023-02-24T22:53:46.984Z", "active": true}}, {"model": "shop.review", "pk": 6, "fields": {"product": 4, "user": 1, "body": "Nonenice", "rating": 3, "created": "2023-02-24T22:53:59.646Z", "updated": "2023-02-24T22:53:59.646Z", "active": true}}, {"model": "shop.review", "pk": 13, "fields": {"product": 9, "user": 1, "body": "Love it!!", "rating": 4, "created": "2023-02-25T20:26:41.381Z", "updated": "2023-02-25T20:26:56.899Z", "active": true}}, {"model": "orders.order", "pk": 1, "fields": {"first_name": "danijela", "last_name": "maoddnafl", "email": "fjmefiame@gmail.com", "address": "sdfghjkl", "address2": null, "postal_code": "45678", "city": "sdfghjk", "shipping_country": "US", "created": "2023-01-05T19:39:46.850Z", "updated": "2023-01-05T19:39:46.850Z", "paid": false, "stripe_id": "", "payment_intent_id": null, "paid_date": null, "coupon": null, "discount": 0}}, {"model": "orders.order", "pk": 2, "fields": {"first_name": "danijela", "last_name": "maoddnafl", "email": "danijela.marosan36@gmail.com", "address": "sdfghjkl", "address2": null, "postal_code": "45678", "city": "sdfghjk", "shipping_country": "US", "created": "2023-01-05T20:08:24.478Z", "updated": "2023-01-05T20:08:24.478Z", "paid": false, "stripe_id": "", "payment_intent_id": null, "paid_date": null, "coupon": null, "discount": 0}}, {"model": "orders.order", "pk": 3, "fields": {"first_name": "danijela", "last_name": "maoddnafl", "email": "danijela.marosan36@gmail.com", "address": "sdfghjkl", "address2": null, "postal_code": "45678", "city": "sdfghjk", "shipping_country": "US", "created": "2023-01-05T20:40:05.188Z", "updated": "2023-01-05T20:40:05.188Z", "paid": false, "stripe_id": "", "payment_intent_id": null, "paid_date": null, "coupon": null, "discount": 0}}, {"model": "orders.order", "pk": 4, "fields": {"first_name": "danijela", "last_name": "maoddnafl", "email": "danijela.marosan36@gmail.com", "address": "sdfghjkl", "address2": null, "postal_code": "45678", "city": "sdfghjk", "shipping_country": "US", "created": "2023-01-05T20:41:40.102Z", "updated": "2023-01-05T20:41:40.102Z", "paid": false, "stripe_id": "", "payment_intent_id": null, "paid_date": null, "coupon": null, "discount": 0}}, {"model": "orders.order", "pk": 5, "fields": {"first_name": "danijela", "last_name": "maoddnafl", "email": "dsm@gmail.com", "address": "sdfghjkl", "address2": null, "postal_code": "45678", "city": "sdfghjk", "shipping_country": "US", "created": "2023-01-05T20:52:04.740Z", "updated": "2023-01-05T20:52:04.740Z", "paid": false, "stripe_id": "", "payment_intent_id": null, "paid_date": null, "coupon": null, "discount": 0}}, {"model": "orders.order", "pk": 6, "fields": {"first_name": "Danijela", "last_name": "Marosan", "email": "danijela.marosan36@gmail.com", "address": "Apartment 70, Annaly Grove", "address2": null, "postal_code": "D15VP94", "city": "Dublin", "shipping_country": "US", "created": "2023-01-18T20:37:28.891Z", "updated": "2023-01-18T20:37:28.891Z", "paid": false, "stripe_id": "", "payment_intent_id": null, "paid_date": null, "coupon": null, "discount": 0}}, {"model": "orders.order", "pk": 7, "fields": {"first_name": "Danijela", "last_name": "Marosan", "email": "danijela.marosan36@gmail.com", "address": "5655", "address2": null, "postal_code": "D6W R859", "city": "Dublin 6W", "shipping_country": "US", "created": "2023-01-21T13:30:07.730Z", "updated": "2023-01-21T13:30:07.730Z", "paid": false, "stripe_id": "", "payment_intent_id": null, "paid_date": null, "coupon": null, "discount": 0}}, {"model": "orders.order", "pk": 8, "fields": {"first_name": "Danijela", "last_name": "Marosan", "email": "danijela.marosan36@gmail.com", "address": "Apartment 70, Annaly Grove", "address2": null, "postal_code": "D6W R859", "city": "Dublin 6W", "shipping_country": "US", "created": "2023-01-21T14:31:13.226Z", "updated": "2023-01-21T14:31:13.226Z", "paid": false, "stripe_id": "", "payment_intent_id": null, "paid_date": null, "coupon": null, "discount": 0}}, {"model": "orders.order", "pk": 9, "fields": {"first_name": "Danijela", "last_name": "Marosan", "email": "danijela.marosan36@gmail.com", "address": "Apartment 70, Annaly Grove", "address2": null, "postal_code": "D6W R859", "city": "Dublin 6W", "shipping_country": "US", "created": "2023-01-21T14:38:10.619Z", "updated": "2023-01-21T14:38:10.619Z", "paid": false, "stripe_id": "", "payment_intent_id": null, "paid_date": null, "coupon": null, "discount": 0}}, {"model": "orders.order", "pk": 10, "fields": {"first_name": "Danijelaaaj", "last_name": "Marosan", "email": "danijela.marosan36@gmail.com", "address": "djenlkdnma", "address2": null, "postal_code": "D6W R859", "city": "Dublin 6W", "shipping_country": "US", "created": "2023-01-21T14:38:52.249Z", "updated": "2023-01-21T14:38:52.249Z", "paid": false, "stripe_id": "", "payment_intent_id": null, "paid_date": null, "coupon": null, "discount": 0}}, {"model": "orders.order", "pk": 11, "fields": {"first_name": "tutor", "last_name": "test", "email": "test@test.ie", "address": "the road", "address2": null, "postal_code": "qwfw", "city": "test", "shipping_country": "US", "created": "2023-01-21T14:42:51.170Z", "updated": "2023-01-21T14:42:51.170Z", "paid": false, "stripe_id": "", "payment_intent_id": null, "paid_date": null, "coupon": null, "discount": 0}}, {"model": "orders.order", "pk": 12, "fields": {"first_name": "Danijela", "last_name": "Marosan", "email": "danijela.marosan36@gmail.com", "address": "ghjkl.5", "address2": null, "postal_code": "D6W R859", "city": "Dublin 6W", "shipping_country": "US", "created": "2023-01-21T15:03:34.477Z", "updated": "2023-01-21T15:03:34.477Z", "paid": false, "stripe_id": "", "payment_intent_id": null, "paid_date": null, "coupon": null, "discount": 0}}, {"model": "orders.order", "pk": 13, "fields": {"first_name": "Danijela", "last_name": "Marosan", "email": "danijela.marosan36@gmail.com", "address": "70 Annaly Grove", "address2": null, "postal_code": "D6W R859", "city": "Dublin 15", "shipping_country": "US", "created": "2023-01-21T20:56:02.252Z", "updated": "2023-01-21T20:56:02.252Z", "paid": false, "stripe_id": "", "payment_intent_id": null, "paid_date": null, "coupon": 1, "discount": 20}}, {"model": "orders.order", "pk": 14, "fields": {"first_name": "Danijela", "last_name": "Marosan", "email": "danijela.marosan36@gmail.com", "address": "581310", "address2": null, "postal_code": "1510", "city": "dublin", "shipping_country": "US", "created": "2023-01-24T08:02:35.827Z", "updated": "2023-01-24T08:02:35.827Z", "paid": false, "stripe_id": "", "payment_intent_id": null, "paid_date": null, "coupon": 1, "discount": 20}}, {"model": "orders.order", "pk": 15, "fields": {"first_name": "teo", "last_name": "ll", "email": "fge@gmail.com", "address": "581310", "address2": null, "postal_code": "1510", "city": "dublin", "shipping_country": "US", "created": "2023-01-24T08:15:20.806Z", "updated": "2023-01-24T08:15:20.806Z", "paid": false, "stripe_id": "", "payment_intent_id": null, "paid_date": null, "coupon": 1, "discount": 20}}, {"model": "orders.order", "pk": 16, "fields": {"first_name": "teo", "last_name": "ll", "email": "fge@gmail.com", "address": "581310", "address2": null, "postal_code": "1510", "city": "dublin", "shipping_country": "US", "created": "2023-01-24T08:17:30.422Z", "updated": "2023-01-24T08:17:30.422Z", "paid": false, "stripe_id": "", "payment_intent_id": null, "paid_date": null, "coupon": 1, "discount": 20}}, {"model": "orders.order", "pk": 17, "fields": {"first_name": "Danijela", "last_name": "Marosan", "email": "danijela.marosan36@gmail.com", "address": "Apartment 70, Annaly Grove", "address2": null, "postal_code": "D6W R859", "city": "Dublin 6W", "shipping_country": "US", "created": "2023-01-24T18:39:27.351Z", "updated": "2023-01-24T18:39:27.351Z", "paid": false, "stripe_id": "", "payment_intent_id": null, "paid_date": null, "coupon": 1, "discount": 20}}, {"model": "orders.order", "pk": 18, "fields": {"first_name": "Danijela", "last_name": "Marosan", "email": "danijela.marosan36@gmail.com", "address": "20 Diamond Lane", "address2": null, "postal_code": "1510", "city": "Dublin", "shipping_country": "US", "created": "2023-01-25T09:00:06.618Z", "updated": "2023-01-25T09:00:06.618Z", "paid": false, "stripe_id": "", "payment_intent_id": null, "paid_date": null, "coupon": null, "discount": 0}}, {"model": "orders.order", "pk": 19, "fields": {"first_name": "Danijela", "last_name": "Marosan", "email": "fge@gmail.com", "address": "581310", "address2": null, "postal_code": "1510", "city": "dublin", "shipping_country": "US", "created": "2023-01-25T10:55:49.490Z", "updated": "2023-01-25T10:55:49.490Z", "paid": false, "stripe_id": "", "payment_intent_id": null, "paid_date": null, "coupon": null, "discount": 0}}, {"model": "orders.order", "pk": 20, "fields": {"first_name": "Danijela", "last_name": "Marosan", "email": "fge@gmail.com", "address": "581310", "address2": null, "postal_code": "1510", "city": "dublin", "shipping_country": "US", "created": "2023-01-25T11:05:35.239Z", "updated": "2023-01-25T11:05:35.239Z", "paid": false, "stripe_id": "", "payment_intent_id": null, "paid_date": null, "coupon": null, "discount": 0}}, {"model": "orders.order", "pk": 21, "fields": {"first_name": "Danijela", "last_name": "Marosan", "email": "fge@gmail.com", "address": "581310", "address2": null, "postal_code": "1510", "city": "dublin", "shipping_country": "US", "created": "2023-01-25T11:06:30.346Z", "updated": "2023-01-25T11:06:30.346Z", "paid": false, "stripe_id": "", "payment_intent_id": null, "paid_date": null, "coupon": null, "discount": 0}}, {"model": "orders.order", "pk": 22, "fields": {"first_name": "Danijela", "last_name": "Marosan", "email": "fge@gmail.com", "address": "581310", "address2": null, "postal_code": "1510", "city": "dublin", "shipping_country": "US", "created": "2023-01-25T11:21:41.264Z", "updated": "2023-01-25T11:21:41.264Z", "paid": false, "stripe_id": "", "payment_intent_id": null, "paid_date": null, "coupon": 1, "discount": 20}}, {"model": "orders.order", "pk": 23, "fields": {"first_name": "teo", "last_name": "Marosan", "email": "fge@gmail.com", "address": "581310", "address2": null, "postal_code": "1510", "city": "dublin", "shipping_country": "US", "created": "2023-01-25T11:23:57.037Z", "updated": "2023-01-25T11:23:57.037Z", "paid": false, "stripe_id": "", "payment_intent_id": null, "paid_date": null, "coupon": 1, "discount": 20}}, {"model": "orders.order", "pk": 24, "fields": {"first_name": "Danijela", "last_name": "Marosan", "email": "danijela.marosan36@gmail.com", "address": "581310", "address2": null, "postal_code": "1510", "city": "dublin", "shipping_country": "US", "created": "2023-01-25T11:29:32.841Z", "updated": "2023-01-25T11:29:32.841Z", "paid": false, "stripe_id": "", "payment_intent_id": null, "paid_date": null, "coupon": 1, "discount": 20}}, {"model": "orders.order", "pk": 25, "fields": {"first_name": "Danijela", "last_name": "Marosan", "email": "danijela.marosan36@gmail.com", "address": "581310", "address2": null, "postal_code": "1510", "city": "dublin", "shipping_country": "US", "created": "2023-01-25T11:30:08.036Z", "updated": "2023-01-25T11:30:08.036Z", "paid": false, "stripe_id": "", "payment_intent_id": null, "paid_date": null, "coupon": 1, "discount": 20}}, {"model": "orders.order", "pk": 26, "fields": {"first_name": "test", "last_name": "user", "email": "a@a.com", "address": "123", "address2": null, "postal_code": "abc", "city": "test", "shipping_country": "US", "created": "2023-01-25T11:51:28.141Z", "updated": "2023-01-25T11:51:28.141Z", "paid": false, "stripe_id": "", "payment_intent_id": null, "paid_date": null, "coupon": null, "discount": 0}}, {"model": "orders.order", "pk": 27, "fields": {"first_name": "Danijela", "last_name": "Marosan", "email": "danijela.marosan36@gmail.com", "address": "581310", "address2": null, "postal_code": "1510", "city": "dublin", "shipping_country": "US", "created": "2023-01-25T11:54:43.250Z", "updated": "2023-01-25T11:54:43.250Z", "paid": false, "stripe_id": "", "payment_intent_id": null, "paid_date": null, "coupon": 1, "discount": 20}}, {"model": "orders.order", "pk": 28, "fields": {"first_name": "Danijela", "last_name": "Marosan", "email": "danijela.marosan36@gmail.com", "address": "581310", "address2": null, "postal_code": "1510", "city": "dublin", "shipping_country": "US", "created": "2023-01-25T11:55:50.830Z", "updated": "2023-01-25T11:55:50.830Z", "paid": false, "stripe_id": "", "payment_intent_id": null, "paid_date": null, "coupon": 1, "discount": 20}}, {"model": "orders.order", "pk": 29, "fields": {"first_name": "Danijela", "last_name": "Marosan", "email": "danijela.marosan36@gmail.com", "address": "581310", "address2": null, "postal_code": "1510", "city": "dublin", "shipping_country": "US", "created": "2023-01-25T11:56:51.189Z", "updated": "2023-01-25T11:56:51.189Z", "paid": false, "stripe_id": "", "payment_intent_id": null, "paid_date": null, "coupon": 1, "discount": 20}}, {"model": "orders.order", "pk": 30, "fields": {"first_name": "a", "last_name": "z", "email": "a@a.com", "address": "123", "address2": null, "postal_code": "abc", "city": "abc", "shipping_country": "US", "created": "2023-01-25T12:04:10.959Z", "updated": "2023-01-25T12:04:10.959Z", "paid": false, "stripe_id": "", "payment_intent_id": null, "paid_date": null, "coupon": null, "discount": 0}}, {"model": "orders.order", "pk": 31, "fields": {"first_name": "Danijela", "last_name": "Marosan", "email": "danijela.marosan36@gmail.com", "address": "Apartment 70, Annaly Grove", "address2": null, "postal_code": "D15VP94", "city": "Dublin", "shipping_country": "US", "created": "2023-02-09T16:27:06.580Z", "updated": "2023-02-09T16:27:06.580Z", "paid": false, "stripe_id": "", "payment_intent_id": null, "paid_date": null, "coupon": null, "discount": 0}}, {"model": "orders.order", "pk": 32, "fields": {"first_name": "Danijela", "last_name": "Marosan", "email": "danijela.marosan36@gmail.com", "address": "Apartment 70, Annaly Grove", "address2": null, "postal_code": "D15VP94", "city": "Dublin", "shipping_country": "US", "created": "2023-02-09T17:23:17.693Z", "updated": "2023-02-09T17:23:17.693Z", "paid": false, "stripe_id": "", "payment_intent_id": null, "paid_date": null, "coupon": null, "discount": 0}}, {"model": "orders.order", "pk": 33, "fields": {"first_name": "Danijela", "last_name": "Marosan", "email": "danijela.marosan36@gmail.com", "address": "Apartment 70, Annaly Grove", "address2": null, "postal_code": "D15VP94", "city": "Dublin", "shipping_country": "US", "created": "2023-02-09T17:37:02.317Z", "updated": "2023-02-09T17:37:02.317Z", "paid": false, "stripe_id": "", "payment_intent_id": null, "paid_date": null, "coupon": null, "discount": 0}}, {"model": "orders.order", "pk": 34, "fields": {"first_name": "Danijela", "last_name": "Marosan", "email": "danijela.marosan36@gmail.com", "address": "581310", "address2": null, "postal_code": "1510", "city": "dublin", "shipping_country": "US", "created": "2023-02-10T10:19:24.575Z", "updated": "2023-02-10T10:19:24.576Z", "paid": false, "stripe_id": "", "payment_intent_id": null, "paid_date": null, "coupon": null, "discount": 0}}, {"model": "orders.order", "pk": 35, "fields": {"first_name": "teo", "last_name": "Marosan", "email": "danijela.marosan36@gmail.com", "address": "581310", "address2": null, "postal_code": "1510", "city": "dublin", "shipping_country": "US", "created": "2023-02-10T10:20:35.738Z", "updated": "2023-02-10T10:20:35.739Z", "paid": false, "stripe_id": "", "payment_intent_id": null, "paid_date": null, "coupon": null, "discount": 0}}, {"model": "orders.order", "pk": 36, "fields": {"first_name": "Danijela", "last_name": "Marosan", "email": "danijela.marosan36@gmail.com", "address": "581310", "address2": null, "postal_code": "1510", "city": "dublin", "shipping_country": "US", "created": "2023-02-10T10:32:49.051Z", "updated": "2023-02-10T10:32:49.051Z", "paid": false, "stripe_id": "", "payment_intent_id": null, "paid_date": null, "coupon": null, "discount": 0}}, {"model": "orders.order", "pk": 37, "fields": {"first_name": "Danijela", "last_name": "Marosan", "email": "danijela.marosan36@gmail.com", "address": "581310", "address2": null, "postal_code": "1510", "city": "dublin", "shipping_country": "US", "created": "2023-02-10T10:36:35.228Z", "updated": "2023-02-10T10:36:35.228Z", "paid": false, "stripe_id": "", "payment_intent_id": null, "paid_date": null, "coupon": null, "discount": 0}}, {"model": "orders.order", "pk": 38, "fields": {"first_name": "Danijela", "last_name": "Marosan", "email": "danijela.marosan36@gmail.com", "address": "581310", "address2": null, "postal_code": "1510", "city": "dublin", "shipping_country": "US", "created": "2023-02-10T12:47:42.061Z", "updated": "2023-02-10T12:47:42.061Z", "paid": false, "stripe_id": "", "payment_intent_id": null, "paid_date": null, "coupon": null, "discount": 0}}, {"model": "orders.order", "pk": 39, "fields": {"first_name": "Danijela", "last_name": "Marosan", "email": "danijela.marosan36@gmail.com", "address": "581310", "address2": null, "postal_code": "1510", "city": "dublin", "shipping_country": "US", "created": "2023-02-10T12:55:10.531Z", "updated": "2023-02-10T12:55:10.531Z", "paid": false, "stripe_id": "", "payment_intent_id": null, "paid_date": null, "coupon": null, "discount": 0}}, {"model": "orders.order", "pk": 40, "fields": {"first_name": "Danijela", "last_name": "Marosan", "email": "danijela.marosan36@gmail.com", "address": "Apartment 70, Annaly Grove", "address2": null, "postal_code": "D15VP94", "city": "Dublin", "shipping_country": "US", "created": "2023-02-10T17:51:06.445Z", "updated": "2023-02-10T17:51:06.445Z", "paid": false, "stripe_id": "", "payment_intent_id": null, "paid_date": null, "coupon": null, "discount": 0}}, {"model": "orders.order", "pk": 41, "fields": {"first_name": "Danijela", "last_name": "Marosan", "email": "danijela.marosan36@gmail.com", "address": "Apartment 70, Annaly Grove", "address2": null, "postal_code": "D15VP94", "city": "Dublin", "shipping_country": "US", "created": "2023-02-11T09:18:46.115Z", "updated": "2023-02-11T09:18:46.115Z", "paid": false, "stripe_id": "", "payment_intent_id": null, "paid_date": null, "coupon": null, "discount": 0}}, {"model": "orders.order", "pk": 42, "fields": {"first_name": "Danijela", "last_name": "Marosan", "email": "danijela.marosan36@gmail.com", "address": "Apartment 70, Annaly Grove", "address2": null, "postal_code": "D15VP94", "city": "Dublin", "shipping_country": "US", "created": "2023-02-11T09:56:27.066Z", "updated": "2023-02-11T09:56:27.066Z", "paid": false, "stripe_id": "", "payment_intent_id": null, "paid_date": null, "coupon": null, "discount": 0}}, {"model": "orders.order", "pk": 43, "fields": {"first_name": "Danijela", "last_name": "Marosan", "email": "danijela.marosan36@gmail.com", "address": "70 Annaly Grove", "address2": null, "postal_code": "D6W R859", "city": "Dublin 15", "shipping_country": "US", "created": "2023-02-11T10:01:23.904Z", "updated": "2023-02-11T10:01:23.904Z", "paid": false, "stripe_id": "", "payment_intent_id": null, "paid_date": null, "coupon": null, "discount": 0}}, {"model": "orders.order", "pk": 44, "fields": {"first_name": "Danijela", "last_name": "Marosan", "email": "danijela.marosan36@gmail.com", "address": "Apartment 70, Annaly Grove", "address2": null, "postal_code": "D15VP94", "city": "Dublin", "shipping_country": "US", "created": "2023-02-11T10:02:26.901Z", "updated": "2023-02-11T10:02:26.901Z", "paid": false, "stripe_id": "", "payment_intent_id": null, "paid_date": null, "coupon": null, "discount": 0}}, {"model": "orders.order", "pk": 45, "fields": {"first_name": "Danijela", "last_name": "Marosan", "email": "danijela.marosan36@gmail.com", "address": "Apartment 70, Annaly Grove", "address2": null, "postal_code": "D15VP94", "city": "Dublin", "shipping_country": "US", "created": "2023-02-11T10:18:27.909Z", "updated": "2023-02-11T10:18:27.909Z", "paid": false, "stripe_id": "", "payment_intent_id": null, "paid_date": null, "coupon": null, "discount": 0}}, {"model": "orders.order", "pk": 46, "fields": {"first_name": "Danijela", "last_name": "Marosan", "email": "danijela.marosan36@gmail.com", "address": "Apartment 70, Annaly Grove", "address2": null, "postal_code": "D15VP94", "city": "Dublin", "shipping_country": "US", "created": "2023-02-11T10:50:59.953Z", "updated": "2023-02-11T10:50:59.954Z", "paid": false, "stripe_id": "", "payment_intent_id": null, "paid_date": null, "coupon": null, "discount": 0}}, {"model": "orders.order", "pk": 47, "fields": {"first_name": "Danijela", "last_name": "Marosan", "email": "danijela.marosan36@gmail.com", "address": "Apartment 70, Annaly Grove", "address2": null, "postal_code": "D15VP94", "city": "Dublin", "shipping_country": "US", "created": "2023-02-12T11:26:42.918Z", "updated": "2023-02-12T11:26:42.918Z", "paid": false, "stripe_id": "", "payment_intent_id": null, "paid_date": null, "coupon": null, "discount": 0}}, {"model": "orders.order", "pk": 48, "fields": {"first_name": "Danijela", "last_name": "Marosan", "email": "danijela.marosan36@gmail.com", "address": "Apartment 70, Annaly Grove", "address2": null, "postal_code": "D15VP94", "city": "Dublin", "shipping_country": "US", "created": "2023-02-12T13:45:56.366Z", "updated": "2023-02-12T13:45:56.366Z", "paid": false, "stripe_id": "", "payment_intent_id": null, "paid_date": null, "coupon": null, "discount": 0}}, {"model": "orders.order", "pk": 49, "fields": {"first_name": "Danijela", "last_name": "Marosan", "email": "danijela.marosan36@gmail.com", "address": "Apartment 70, Annaly Grove", "address2": null, "postal_code": "D15VP94", "city": "Dublin", "shipping_country": "US", "created": "2023-02-12T13:52:53.903Z", "updated": "2023-02-12T13:52:53.903Z", "paid": false, "stripe_id": "", "payment_intent_id": null, "paid_date": null, "coupon": null, "discount": 0}}, {"model": "orders.order", "pk": 50, "fields": {"first_name": "Danijela", "last_name": "Marosan", "email": "danijela.marosan36@gmail.com", "address": "Apartment 70, Annaly Grove", "address2": null, "postal_code": "D15VP94", "city": "Dublin", "shipping_country": "US", "created": "2023-02-12T13:57:47.865Z", "updated": "2023-02-12T13:57:47.865Z", "paid": false, "stripe_id": "", "payment_intent_id": null, "paid_date": null, "coupon": null, "discount": 0}}, {"model": "orders.order", "pk": 51, "fields": {"first_name": "Danijela", "last_name": "Marosan", "email": "danijela.marosan36@gmail.com", "address": "Apartment 70, Annaly Grove", "address2": null, "postal_code": "D15VP94", "city": "Dublin", "shipping_country": "US", "created": "2023-02-12T14:01:12.616Z", "updated": "2023-02-12T14:01:12.616Z", "paid": false, "stripe_id": "", "payment_intent_id": null, "paid_date": null, "coupon": null, "discount": 0}}, {"model": "orders.order", "pk": 52, "fields": {"first_name": "Danijela", "last_name": "Marosan", "email": "danijela.marosan36@gmail.com", "address": "Apartment 70, Annaly Grove", "address2": null, "postal_code": "D15VP94", "city": "Dublin", "shipping_country": "US", "created": "2023-02-12T14:01:33.671Z", "updated": "2023-02-12T14:01:33.671Z", "paid": false, "stripe_id": "", "payment_intent_id": null, "paid_date": null, "coupon": null, "discount": 0}}, {"model": "orders.order", "pk": 53, "fields": {"first_name": "Danijela", "last_name": "Marosan", "email": "danijela.marosan36@gmail.com", "address": "Apartment 70, Annaly Grove", "address2": null, "postal_code": "D15VP94", "city": "Dublin", "shipping_country": "US", "created": "2023-02-12T14:16:41.444Z", "updated": "2023-02-12T14:16:41.444Z", "paid": false, "stripe_id": "", "payment_intent_id": null, "paid_date": null, "coupon": null, "discount": 0}}, {"model": "orders.order", "pk": 54, "fields": {"first_name": "Danijela", "last_name": "Marosan", "email": "danijela.marosan36@gmail.com", "address": "Apartment 70, Annaly Grove", "address2": null, "postal_code": "D15VP94", "city": "Dublin", "shipping_country": "US", "created": "2023-02-12T14:18:17.239Z", "updated": "2023-02-12T14:18:17.239Z", "paid": false, "stripe_id": "", "payment_intent_id": null, "paid_date": null, "coupon": null, "discount": 0}}, {"model": "orders.order", "pk": 55, "fields": {"first_name": "Danijela", "last_name": "Marosan", "email": "danijela.marosan36@gmail.com", "address": "Apartment 70, Annaly Grove", "address2": null, "postal_code": "D15VP94", "city": "Dublin", "shipping_country": "US", "created": "2023-02-12T14:37:34.046Z", "updated": "2023-02-12T14:37:34.046Z", "paid": false, "stripe_id": "", "payment_intent_id": null, "paid_date": null, "coupon": null, "discount": 0}}, {"model": "orders.order", "pk": 56, "fields": {"first_name": "Danijela", "last_name": "Marosan", "email": "danijela.marosan36@gmail.com", "address": "Apartment 70, Annaly Grove", "address2": null, "postal_code": "D15VP94", "city": "Dublin", "shipping_country": "US", "created": "2023-02-12T15:19:42.454Z", "updated": "2023-02-12T15:19:42.454Z", "paid": false, "stripe_id": "", "payment_intent_id": null, "paid_date": null, "coupon": null, "discount": 0}}, {"model": "orders.order", "pk": 57, "fields": {"first_name": "Danijela", "last_name": "Marosan", "email": "danijela.marosan36@gmail.com", "address": "Apartment 70, Annaly Grove", "address2": null, "postal_code": "D15VP94", "city": "Dublin", "shipping_country": "US", "created": "2023-02-12T15:22:28.130Z", "updated": "2023-02-12T15:22:28.130Z", "paid": false, "stripe_id": "", "payment_intent_id": null, "paid_date": null, "coupon": null, "discount": 0}}, {"model": "orders.order", "pk": 58, "fields": {"first_name": "Danijela", "last_name": "Marosan", "email": "danijela.marosan36@gmail.com", "address": "Apartment 70, Annaly Grove", "address2": null, "postal_code": "D15VP94", "city": "Dublin", "shipping_country": "US", "created": "2023-02-12T15:24:40.041Z", "updated": "2023-02-12T15:24:40.041Z", "paid": false, "stripe_id": "", "payment_intent_id": null, "paid_date": null, "coupon": null, "discount": 0}}, {"model": "orders.order", "pk": 59, "fields": {"first_name": "Danijela", "last_name": "Marosan", "email": "danijela.marosan36@gmail.com", "address": "Apartment 70, Annaly Grove", "address2": null, "postal_code": "D15VP94", "city": "Dublin", "shipping_country": "US", "created": "2023-02-12T19:52:05.805Z", "updated": "2023-02-12T19:52:05.805Z", "paid": false, "stripe_id": "", "payment_intent_id": null, "paid_date": null, "coupon": null, "discount": 0}}, {"model": "orders.order", "pk": 60, "fields": {"first_name": "Danijela", "last_name": "Marosan", "email": "danijela.marosan36@gmail.com", "address": "581310", "address2": null, "postal_code": "1510", "city": "dublin", "shipping_country": "US", "created": "2023-02-13T14:22:36.000Z", "updated": "2023-02-13T14:22:36.000Z", "paid": false, "stripe_id": "", "payment_intent_id": null, "paid_date": null, "coupon": null, "discount": 0}}, {"model": "orders.order", "pk": 61, "fields": {"first_name": "Danijela", "last_name": "Marosan", "email": "danijela.marosan36@gmail.com", "address": "581310", "address2": null, "postal_code": "1510", "city": "dublin", "shipping_country": "US", "created": "2023-02-13T14:23:39.023Z", "updated": "2023-02-13T14:23:39.023Z", "paid": false, "stripe_id": "", "payment_intent_id": null, "paid_date": null, "coupon": null, "discount": 0}}, {"model": "orders.order", "pk": 62, "fields": {"first_name": "Danijela", "last_name": "Marosan", "email": "danijela.marosan36@gmail.com", "address": "581310", "address2": null, "postal_code": "1510", "city": "dublin", "shipping_country": "US", "created": "2023-02-13T14:38:37.347Z", "updated": "2023-02-13T14:38:37.347Z", "paid": false, "stripe_id": "", "payment_intent_id": null, "paid_date": null, "coupon": null, "discount": 0}}, {"model": "orders.order", "pk": 63, "fields": {"first_name": "Danijela", "last_name": "Marosan", "email": "danijela.marosan36@gmail.com", "address": "581310", "address2": null, "postal_code": "1510", "city": "dublin", "shipping_country": "US", "created": "2023-02-13T14:40:34.285Z", "updated": "2023-02-13T14:40:34.285Z", "paid": false, "stripe_id": "", "payment_intent_id": null, "paid_date": null, "coupon": null, "discount": 0}}, {"model": "orders.order", "pk": 64, "fields": {"first_name": "teo", "last_name": "Marosan", "email": "danijela.marosan36@gmail.com", "address": "581310", "address2": null, "postal_code": "1510", "city": "dublin", "shipping_country": "US", "created": "2023-02-13T15:14:31.648Z", "updated": "2023-02-13T15:14:31.648Z", "paid": false, "stripe_id": "", "payment_intent_id": null, "paid_date": null, "coupon": null, "discount": 0}}, {"model": "orders.order", "pk": 65, "fields": {"first_name": "Danijela", "last_name": "Marosan", "email": "danijela.marosan36@gmail.com", "address": "581310", "address2": null, "postal_code": "1510", "city": "dublin", "shipping_country": "US", "created": "2023-02-14T07:39:25.543Z", "updated": "2023-02-14T07:39:25.543Z", "paid": false, "stripe_id": "", "payment_intent_id": null, "paid_date": null, "coupon": null, "discount": 0}}, {"model": "orders.order", "pk": 66, "fields": {"first_name": "Danijela", "last_name": "Marosan", "email": "danijela.marosan36@gmail.com", "address": "581310", "address2": null, "postal_code": "1510", "city": "dublin", "shipping_country": "US", "created": "2023-02-14T07:42:42.780Z", "updated": "2023-02-14T07:42:42.780Z", "paid": false, "stripe_id": "", "payment_intent_id": null, "paid_date": null, "coupon": null, "discount": 0}}, {"model": "orders.order", "pk": 67, "fields": {"first_name": "Danijela", "last_name": "Marosan", "email": "fge@gmail.com", "address": "581310", "address2": null, "postal_code": "1510", "city": "dublin", "shipping_country": "US", "created": "2023-02-14T07:50:04.488Z", "updated": "2023-02-14T07:50:04.488Z", "paid": false, "stripe_id": "", "payment_intent_id": null, "paid_date": null, "coupon": null, "discount": 0}}, {"model": "orders.order", "pk": 68, "fields": {"first_name": "Danijela", "last_name": "Marosan", "email": "danijela.marosan36@gmail.com", "address": "581310", "address2": null, "postal_code": "1510", "city": "dublin", "shipping_country": "US", "created": "2023-02-14T08:11:59.278Z", "updated": "2023-02-14T08:12:01.214Z", "paid": false, "stripe_id": "", "payment_intent_id": "pi_3MbJcLAQpwLvviS02NdwqPUj", "paid_date": null, "coupon": null, "discount": 0}}, {"model": "orders.order", "pk": 69, "fields": {"first_name": "Danijela", "last_name": "Marosan", "email": "danijela.marosan36@gmail.com", "address": "581310", "address2": null, "postal_code": "1510", "city": "dublin", "shipping_country": "US", "created": "2023-02-14T08:21:26.014Z", "updated": "2023-02-14T08:21:28.112Z", "paid": false, "stripe_id": "", "payment_intent_id": "pi_3MbJlTAQpwLvviS03jvCeOQk", "paid_date": null, "coupon": null, "discount": 0}}, {"model": "orders.order", "pk": 70, "fields": {"first_name": "Danijela", "last_name": "ll", "email": "danijela.marosan36@gmail.com", "address": "581310", "address2": null, "postal_code": "1510", "city": "dublin", "shipping_country": "US", "created": "2023-02-14T08:31:41.127Z", "updated": "2023-02-14T08:33:33.939Z", "paid": false, "stripe_id": "", "payment_intent_id": "pi_3MbJxBAQpwLvviS00TaiPA6P", "paid_date": null, "coupon": null, "discount": 0}}, {"model": "orders.order", "pk": 71, "fields": {"first_name": "Danijela", "last_name": "Marosan", "email": "danijela.marosan36@gmail.com", "address": "581310", "address2": null, "postal_code": "44445", "city": "dublin", "shipping_country": "US", "created": "2023-02-14T08:39:18.830Z", "updated": "2023-02-14T08:39:22.730Z", "paid": false, "stripe_id": "", "payment_intent_id": "pi_3MbK2oAQpwLvviS02p6BjboB", "paid_date": null, "coupon": null, "discount": 0}}, {"model": "orders.order", "pk": 72, "fields": {"first_name": "Danijela", "last_name": "Marosan", "email": "danijela.marosan36@gmail.com", "address": "581310", "address2": null, "postal_code": "1510", "city": "dublin", "shipping_country": "US", "created": "2023-02-14T08:54:36.972Z", "updated": "2023-02-14T08:54:40.763Z", "paid": false, "stripe_id": "", "payment_intent_id": "pi_3MbKHcAQpwLvviS02suKkwKC", "paid_date": null, "coupon": null, "discount": 0}}, {"model": "orders.order", "pk": 73, "fields": {"first_name": "Danijela", "last_name": "Marosan", "email": "danijela.marosan36@gmail.com", "address": "581310", "address2": null, "postal_code": "1510", "city": "dublin", "shipping_country": "US", "created": "2023-02-14T09:27:23.791Z", "updated": "2023-02-14T09:27:45.559Z", "paid": false, "stripe_id": "", "payment_intent_id": "pi_3MbKndAQpwLvviS03aRbobOO", "paid_date": null, "coupon": null, "discount": 0}}, {"model": "orders.order", "pk": 74, "fields": {"first_name": "Danijela", "last_name": "Marosan", "email": "danijela.marosan36@gmail.com", "address": "581310", "address2": "355235", "postal_code": "5151", "city": "dublin", "shipping_country": "US", "created": "2023-02-14T09:57:08.292Z", "updated": "2023-02-14T09:57:11.278Z", "paid": false, "stripe_id": "", "payment_intent_id": "pi_3MbLG7AQpwLvviS01uA8b1FC", "paid_date": null, "coupon": null, "discount": 0}}, {"model": "orders.order", "pk": 75, "fields": {"first_name": "Danijela", "last_name": "Marosan", "email": "danijela.marosan36@gmail.com", "address": "581310", "address2": "355235", "postal_code": "1510", "city": "dublin", "shipping_country": "US", "created": "2023-02-14T10:18:09.633Z", "updated": "2023-02-14T10:18:11.564Z", "paid": false, "stripe_id": "", "payment_intent_id": "pi_3MbLaRAQpwLvviS03eMYE4F8", "paid_date": null, "coupon": null, "discount": 0}}, {"model": "orders.order", "pk": 76, "fields": {"first_name": "Danijela", "last_name": "Marosan", "email": "danijela.marosan36@gmail.com", "address": "581310", "address2": "355235", "postal_code": "1510", "city": "dublin", "shipping_country": "US", "created": "2023-02-14T10:20:36.423Z", "updated": "2023-02-14T10:20:38.760Z", "paid": false, "stripe_id": "", "payment_intent_id": "pi_3MbLcoAQpwLvviS00qMQX0LF", "paid_date": null, "coupon": null, "discount": 0}}, {"model": "orders.order", "pk": 77, "fields": {"first_name": "Danijela", "last_name": "Marosan", "email": "danijela.marosan36@gmail.com", "address": "581310", "address2": "355235", "postal_code": "1510", "city": "Dublin", "shipping_country": "US", "created": "2023-02-14T10:22:56.422Z", "updated": "2023-02-14T10:23:00.791Z", "paid": false, "stripe_id": "", "payment_intent_id": "pi_3MbLf6AQpwLvviS02I2IaYZo", "paid_date": null, "coupon": null, "discount": 0}}, {"model": "orders.order", "pk": 78, "fields": {"first_name": "Danijela", "last_name": "Marosan", "email": "danijela.marosan36@gmail.com", "address": "581310", "address2": "355235", "postal_code": "1510", "city": "dublin", "shipping_country": "US", "created": "2023-02-14T10:30:05.862Z", "updated": "2023-02-14T10:30:08.171Z", "paid": false, "stripe_id": "", "payment_intent_id": "pi_3MbLm0AQpwLvviS03T5EJWBT", "paid_date": null, "coupon": null, "discount": 0}}, {"model": "orders.order", "pk": 79, "fields": {"first_name": "Danijela", "last_name": "Marosan", "email": "danijela.marosan36@gmail.com", "address": "581310", "address2": "355235", "postal_code": "1510", "city": "Dublin", "shipping_country": "US", "created": "2023-02-14T10:34:45.704Z", "updated": "2023-02-14T10:34:47.942Z", "paid": false, "stripe_id": "", "payment_intent_id": "pi_3MbLqVAQpwLvviS01tRjtuWC", "paid_date": null, "coupon": null, "discount": 0}}, {"model": "orders.order", "pk": 80, "fields": {"first_name": "Danijela", "last_name": "Marosan", "email": "danijela.marosan36@gmail.com", "address": "581310", "address2": "355235", "postal_code": "1510", "city": "dublin", "shipping_country": "US", "created": "2023-02-14T10:38:25.682Z", "updated": "2023-02-14T10:38:27.558Z", "paid": false, "stripe_id": "", "payment_intent_id": "pi_3MbLu3AQpwLvviS02E871nR0", "paid_date": null, "coupon": null, "discount": 0}}, {"model": "orders.order", "pk": 81, "fields": {"first_name": "Danijela", "last_name": "Marosan", "email": "danijela.marosan36@gmail.com", "address": "581310", "address2": "355235", "postal_code": "1510", "city": "dublin", "shipping_country": "US", "created": "2023-02-14T11:18:20.887Z", "updated": "2023-02-14T11:18:24.245Z", "paid": false, "stripe_id": "", "payment_intent_id": "pi_3MbMWiAQpwLvviS00FpxsEYT", "paid_date": null, "coupon": null, "discount": 0}}, {"model": "orders.order", "pk": 82, "fields": {"first_name": "Danijela", "last_name": "Marosan", "email": "danijela.marosan36@gmail.com", "address": "581310", "address2": "355235", "postal_code": "1510", "city": "dublin", "shipping_country": "US", "created": "2023-02-14T11:21:13.153Z", "updated": "2023-02-14T11:21:13.153Z", "paid": false, "stripe_id": "", "payment_intent_id": null, "paid_date": null, "coupon": null, "discount": 0}}, {"model": "orders.order", "pk": 83, "fields": {"first_name": "Danijela", "last_name": "Marosan", "email": "danijela.marosan36@gmail.com", "address": "581310", "address2": "355235", "postal_code": "1510", "city": "Dublin", "shipping_country": "US", "created": "2023-02-14T11:25:11.238Z", "updated": "2023-02-14T11:25:13.875Z", "paid": false, "stripe_id": "", "payment_intent_id": "pi_3MbMdJAQpwLvviS01zr6VWwF", "paid_date": null, "coupon": null, "discount": 0}}, {"model": "orders.order", "pk": 84, "fields": {"first_name": "Danijela", "last_name": "Marosan", "email": "danijela.marosan36@gmail.com", "address": "581310", "address2": "355235", "postal_code": "1510", "city": "dublin", "shipping_country": "US", "created": "2023-02-14T11:27:26.004Z", "updated": "2023-02-14T11:27:28.053Z", "paid": false, "stripe_id": "", "payment_intent_id": "pi_3MbMfTAQpwLvviS00UfUO39v", "paid_date": null, "coupon": null, "discount": 0}}, {"model": "orders.order", "pk": 85, "fields": {"first_name": "Danijela", "last_name": "Marosan", "email": "danijela.marosan36@gmail.com", "address": "581310", "address2": "355235", "postal_code": "1510", "city": "dublin", "shipping_country": "US", "created": "2023-02-14T11:30:59.497Z", "updated": "2023-02-14T11:31:04.087Z", "paid": false, "stripe_id": "", "payment_intent_id": "pi_3MbMixAQpwLvviS03qOQWaeQ", "paid_date": null, "coupon": null, "discount": 0}}, {"model": "orders.order", "pk": 86, "fields": {"first_name": "Danijela", "last_name": "Marosan", "email": "danijela.marosan36@gmail.com", "address": "581310", "address2": "355235", "postal_code": "1510", "city": "dublin", "shipping_country": "US", "created": "2023-02-14T11:35:35.681Z", "updated": "2023-02-14T11:35:44.941Z", "paid": false, "stripe_id": "", "payment_intent_id": "pi_3MbMnUAQpwLvviS017SXKhIp", "paid_date": null, "coupon": null, "discount": 0}}, {"model": "orders.order", "pk": 87, "fields": {"first_name": "Danijela", "last_name": "Marosan", "email": "danijela.marosan36@gmail.com", "address": "581310", "address2": "355235", "postal_code": "1510", "city": "dublin", "shipping_country": "US", "created": "2023-02-14T11:46:47.711Z", "updated": "2023-02-14T11:46:50.033Z", "paid": false, "stripe_id": "", "payment_intent_id": "pi_3MbMyDAQpwLvviS02VowOkCD", "paid_date": null, "coupon": null, "discount": 0}}, {"model": "orders.order", "pk": 88, "fields": {"first_name": "Danijela", "last_name": "Marosan", "email": "danijela.marosan36@gmail.com", "address": "581310", "address2": "355235", "postal_code": "1510", "city": "dublin", "shipping_country": "US", "created": "2023-02-14T11:54:06.070Z", "updated": "2023-02-14T11:54:07.901Z", "paid": false, "stripe_id": "", "payment_intent_id": "pi_3MbN5HAQpwLvviS00F7VigtO", "paid_date": null, "coupon": null, "discount": 0}}, {"model": "orders.order", "pk": 89, "fields": {"first_name": "Danijela", "last_name": "Marosan", "email": "danijela.marosan36@gmail.com", "address": "20 Diamond Lane", "address2": "355235", "postal_code": "1510", "city": "dublin", "shipping_country": "US", "created": "2023-02-14T12:10:32.687Z", "updated": "2023-02-14T12:10:35.324Z", "paid": false, "stripe_id": "", "payment_intent_id": "pi_3MbNLDAQpwLvviS03AXcEs9Y", "paid_date": null, "coupon": null, "discount": 0}}, {"model": "orders.order", "pk": 90, "fields": {"first_name": "Danijela", "last_name": "Marosan", "email": "danijela.marosan36@gmail.com", "address": "581310", "address2": "355235", "postal_code": "1510", "city": "dublin", "shipping_country": "US", "created": "2023-02-14T12:33:18.601Z", "updated": "2023-02-14T12:33:21.136Z", "paid": false, "stripe_id": "", "payment_intent_id": "pi_3MbNhEAQpwLvviS01z7JM2Zr", "paid_date": null, "coupon": null, "discount": 0}}, {"model": "orders.order", "pk": 91, "fields": {"first_name": "Danijela", "last_name": "Marosan", "email": "danijela.marosan36@gmail.com", "address": "dadadadad", "address2": "dadadaad", "postal_code": "dadadada", "city": "dadadaa", "shipping_country": "US", "created": "2023-02-14T12:36:48.068Z", "updated": "2023-02-14T12:37:09.844Z", "paid": false, "stripe_id": "", "payment_intent_id": "pi_3MbNkvAQpwLvviS01UZHKYI4", "paid_date": null, "coupon": null, "discount": 0}}, {"model": "orders.order", "pk": 92, "fields": {"first_name": "Danijela", "last_name": "Marosan", "email": "danijela.marosan36@gmail.com", "address": "20 Diamond Lane", "address2": "Eassson", "postal_code": "D15pppp", "city": "dublin", "shipping_country": "US", "created": "2023-02-14T12:54:33.978Z", "updated": "2023-02-14T12:55:11.255Z", "paid": false, "stripe_id": "", "payment_intent_id": "pi_3MbO2NAQpwLvviS008L7vhLO", "paid_date": null, "coupon": null, "discount": 0}}, {"model": "orders.order", "pk": 93, "fields": {"first_name": "Danijela", "last_name": "Marosan", "email": "danijela.marosan36@gmail.com", "address": "581310", "address2": "dadadaad", "postal_code": "D15pppp", "city": "dadadaa", "shipping_country": "US", "created": "2023-02-14T13:55:24.704Z", "updated": "2023-02-14T13:55:26.759Z", "paid": false, "stripe_id": "", "payment_intent_id": "pi_3MbOygAQpwLvviS02mhY8kHC", "paid_date": null, "coupon": null, "discount": 0}}, {"model": "orders.order", "pk": 94, "fields": {"first_name": "Danijela", "last_name": "Marosan", "email": "danijela.marosan36@gmail.com", "address": "581310", "address2": "355235", "postal_code": "dadadada", "city": "dadadaa", "shipping_country": "US", "created": "2023-02-14T14:00:06.534Z", "updated": "2023-02-14T14:00:09.202Z", "paid": false, "stripe_id": "", "payment_intent_id": "pi_3MbP3FAQpwLvviS02HZWWefn", "paid_date": null, "coupon": null, "discount": 0}}, {"model": "orders.order", "pk": 95, "fields": {"first_name": "Danijela", "last_name": "Marosan", "email": "danijela.marosan36@gmail.com", "address": "581310", "address2": "355235", "postal_code": "5151", "city": "dadadaa", "shipping_country": "US", "created": "2023-02-14T14:03:04.532Z", "updated": "2023-02-14T14:03:07.180Z", "paid": false, "stripe_id": "", "payment_intent_id": "pi_3MbP66AQpwLvviS000Gw4BSu", "paid_date": null, "coupon": null, "discount": 0}}, {"model": "orders.order", "pk": 96, "fields": {"first_name": "Danijela", "last_name": "Marosan", "email": "danijela.marosan36@gmail.com", "address": "581310", "address2": "355235", "postal_code": "D15pppp", "city": "dublin", "shipping_country": "US", "created": "2023-02-14T14:05:12.659Z", "updated": "2023-02-14T14:05:17.025Z", "paid": false, "stripe_id": "", "payment_intent_id": "pi_3MbP8CAQpwLvviS01vOEdcGj", "paid_date": null, "coupon": null, "discount": 0}}, {"model": "orders.order", "pk": 97, "fields": {"first_name": "Danijela", "last_name": "Marosan", "email": "danijela.marosan36@gmail.com", "address": "581310", "address2": "355235", "postal_code": "dadadada", "city": "dadadaa", "shipping_country": "US", "created": "2023-02-14T14:16:18.050Z", "updated": "2023-02-14T14:16:22.644Z", "paid": false, "stripe_id": "", "payment_intent_id": "pi_3MbPIwAQpwLvviS029HezeL5", "paid_date": null, "coupon": null, "discount": 0}}, {"model": "orders.order", "pk": 98, "fields": {"first_name": "Danijela", "last_name": "ll", "email": "danijela.marosan36@gmail.com", "address": "581310", "address2": "355235", "postal_code": "5151", "city": "dublin", "shipping_country": "US", "created": "2023-02-14T14:34:41.284Z", "updated": "2023-02-14T14:34:59.119Z", "paid": false, "stripe_id": "", "payment_intent_id": "pi_3MbPawAQpwLvviS00IFu4k1T", "paid_date": null, "coupon": null, "discount": 0}}, {"model": "orders.order", "pk": 99, "fields": {"first_name": "Danijela", "last_name": "Marosan", "email": "danijela.marosan36@gmail.com", "address": "581310", "address2": "355235", "postal_code": "1510", "city": "dublin", "shipping_country": "AT", "created": "2023-02-14T15:26:47.503Z", "updated": "2023-02-14T15:26:51.026Z", "paid": false, "stripe_id": "", "payment_intent_id": "pi_3MbQP8AQpwLvviS03hAZf1DU", "paid_date": null, "coupon": null, "discount": 0}}, {"model": "orders.order", "pk": 100, "fields": {"first_name": "Danijela", "last_name": "Marosan", "email": "danijela.marosan36@gmail.com", "address": "Apartment 70, Annaly Grove", "address2": "Ongar Lodge", "postal_code": "D15VP94", "city": "Dublin", "shipping_country": "AE", "created": "2023-02-14T17:30:30.651Z", "updated": "2023-02-14T17:30:33.865Z", "paid": false, "stripe_id": "", "payment_intent_id": "pi_3MbSKrAQpwLvviS00P1fYiSS", "paid_date": null, "coupon": null, "discount": 0}}, {"model": "orders.order", "pk": 101, "fields": {"first_name": "Danijela", "last_name": "Marosan", "email": "danijela.marosan36@gmail.com", "address": "Apartment 70, Annaly Grove", "address2": "Ongar Lodge", "postal_code": "D15VP94", "city": "Dublin", "shipping_country": "IE", "created": "2023-02-14T17:36:29.542Z", "updated": "2023-02-14T17:36:33.036Z", "paid": false, "stripe_id": "", "payment_intent_id": "pi_3MbSQeAQpwLvviS024kdX5dz", "paid_date": null, "coupon": null, "discount": 0}}, {"model": "orders.order", "pk": 102, "fields": {"first_name": "Danijela", "last_name": "Marosan", "email": "danijela.marosan36@gmail.com", "address": "Apartment 70, Annaly Grove", "address2": "Ongar Lodge", "postal_code": "D15VP94", "city": "Dublin", "shipping_country": "IE", "created": "2023-02-14T17:46:04.769Z", "updated": "2023-02-14T17:46:07.310Z", "paid": false, "stripe_id": "", "payment_intent_id": "pi_3MbSZvAQpwLvviS03lOPpPAw", "paid_date": null, "coupon": null, "discount": 0}}, {"model": "orders.order", "pk": 103, "fields": {"first_name": "Danijela", "last_name": "Marosan", "email": "danijela.marosan36@gmail.com", "address": "Apartment 70, Annaly Grove", "address2": "Ongar Lodge", "postal_code": "D15VP94", "city": "Dublin", "shipping_country": "IE", "created": "2023-02-14T17:50:36.638Z", "updated": "2023-02-14T17:50:40.461Z", "paid": false, "stripe_id": "", "payment_intent_id": "pi_3MbSeKAQpwLvviS03bjDEJor", "paid_date": null, "coupon": null, "discount": 0}}, {"model": "orders.order", "pk": 104, "fields": {"first_name": "Danijela", "last_name": "Marosan", "email": "danijela.marosan36@gmail.com", "address": "Apartment 70, Annaly Grove", "address2": "Ongar Lodge", "postal_code": "D15VP94", "city": "Dublin", "shipping_country": "IE", "created": "2023-02-14T17:51:37.937Z", "updated": "2023-02-14T17:51:40.709Z", "paid": false, "stripe_id": "", "payment_intent_id": "pi_3MbSfIAQpwLvviS01p7rx6Gf", "paid_date": null, "coupon": null, "discount": 0}}, {"model": "orders.order", "pk": 105, "fields": {"first_name": "Danijela", "last_name": "Marosan", "email": "danijela.marosan36@gmail.com", "address": "Apartment 70, Annaly Grove", "address2": "ONGAR", "postal_code": "D15VP94", "city": "Dublin", "shipping_country": "IE", "created": "2023-02-14T21:21:40.829Z", "updated": "2023-02-14T21:21:44.996Z", "paid": false, "stripe_id": "", "payment_intent_id": "pi_3MbVwaAQpwLvviS00U5tecaZ", "paid_date": null, "coupon": 2, "discount": 50}}, {"model": "orders.order", "pk": 106, "fields": {"first_name": "Danijela", "last_name": "Marosan", "email": "danijela.marosan36@gmail.com", "address": "70 Annaly Grove", "address2": null, "postal_code": "D6W R859", "city": "Dublin 15", "shipping_country": "IE", "created": "2023-02-15T16:11:11.251Z", "updated": "2023-02-15T16:11:11.251Z", "paid": false, "stripe_id": "", "payment_intent_id": null, "paid_date": null, "coupon": null, "discount": 0}}, {"model": "orders.order", "pk": 107, "fields": {"first_name": "Danijela", "last_name": "Marosan", "email": "danijela.marosan36@gmail.com", "address": "Apartment 70, Annaly Grove", "address2": null, "postal_code": "D15VP94", "city": "Dublin", "shipping_country": "IE", "created": "2023-02-15T17:10:09.787Z", "updated": "2023-02-15T17:22:39.026Z", "paid": false, "stripe_id": "", "payment_intent_id": "pi_3MbogkAQpwLvviS01Fk2cLUL", "paid_date": null, "coupon": null, "discount": 0}}, {"model": "orders.order", "pk": 108, "fields": {"first_name": "Danijela", "last_name": "Marosan", "email": "danijela.marosan36@gmail.com", "address": "Apartment 70, Annaly Grove", "address2": null, "postal_code": "D15VP94", "city": "Dublin", "shipping_country": "IE", "created": "2023-02-15T18:08:08.972Z", "updated": "2023-02-15T18:08:12.008Z", "paid": false, "stripe_id": "", "payment_intent_id": "pi_3MbpOpAQpwLvviS020CAARAk", "paid_date": null, "coupon": null, "discount": 0}}, {"model": "orders.order", "pk": 109, "fields": {"first_name": "Danijela", "last_name": "Marosan", "email": "danijela.marosan36@gmail.com", "address": "581310", "address2": "355235", "postal_code": "1510", "city": "dublin", "shipping_country": "IE", "created": "2023-02-17T08:10:19.509Z", "updated": "2023-02-17T08:10:21.938Z", "paid": false, "stripe_id": "", "payment_intent_id": "pi_3McP1NAQpwLvviS03x0qGxFF", "paid_date": null, "coupon": null, "discount": 0}}, {"model": "orders.order", "pk": 110, "fields": {"first_name": "Danijela", "last_name": "Marosan", "email": "danijela.marosan36@gmail.com", "address": "20 Diamond Lane", "address2": "355235", "postal_code": "1510", "city": "dublin", "shipping_country": "TR", "created": "2023-02-17T09:01:08.246Z", "updated": "2023-02-17T09:01:10.283Z", "paid": false, "stripe_id": "", "payment_intent_id": "pi_3McPoYAQpwLvviS038FCenkr", "paid_date": null, "coupon": null, "discount": 0}}, {"model": "orders.order", "pk": 111, "fields": {"first_name": "Danijela", "last_name": "Marosan", "email": "danijela.marosan36@gmail.com", "address": "581310", "address2": "355235", "postal_code": "1510", "city": "dublin", "shipping_country": "VG", "created": "2023-02-17T09:15:22.625Z", "updated": "2023-02-17T09:15:25.058Z", "paid": false, "stripe_id": "", "payment_intent_id": "pi_3McQ2KAQpwLvviS024XHhkMg", "paid_date": null, "coupon": null, "discount": 0}}, {"model": "orders.order", "pk": 112, "fields": {"first_name": "Danijela", "last_name": "Marosan", "email": "danijela.marosan36@gmail.com", "address": "581310", "address2": null, "postal_code": "1510", "city": "dublin", "shipping_country": "UG", "created": "2023-02-17T09:35:06.843Z", "updated": "2023-02-17T09:35:10.217Z", "paid": false, "stripe_id": "", "payment_intent_id": "pi_3McQLSAQpwLvviS03t8puYYF", "paid_date": null, "coupon": null, "discount": 0}}, {"model": "orders.order", "pk": 113, "fields": {"first_name": "Danijela", "last_name": "Marosan", "email": "danijela.marosan36@gmail.com", "address": "581310", "address2": "355235", "postal_code": "1510", "city": "dublin", "shipping_country": "US", "created": "2023-02-17T09:36:24.718Z", "updated": "2023-02-17T09:36:27.113Z", "paid": false, "stripe_id": "", "payment_intent_id": "pi_3McQMgAQpwLvviS015C0y3u5", "paid_date": null, "coupon": null, "discount": 0}}, {"model": "orders.order", "pk": 114, "fields": {"first_name": "Danijela", "last_name": "Marosan", "email": "danijela.marosan36@gmail.com", "address": "581310", "address2": "355235", "postal_code": "44445", "city": "dublin", "shipping_country": "US", "created": "2023-02-17T09:41:07.802Z", "updated": "2023-02-17T09:41:09.759Z", "paid": false, "stripe_id": "", "payment_intent_id": "pi_3McQRFAQpwLvviS02Po3MGw3", "paid_date": null, "coupon": null, "discount": 0}}, {"model": "orders.order", "pk": 115, "fields": {"first_name": "Danijela", "last_name": "Marosan", "email": "danijela.marosan36@gmail.com", "address": "581310", "address2": "355235", "postal_code": "1510", "city": "dublin", "shipping_country": "TM", "created": "2023-02-17T09:48:34.369Z", "updated": "2023-02-17T09:48:37.262Z", "paid": false, "stripe_id": "", "payment_intent_id": "pi_3McQYTAQpwLvviS03i6SqJbM", "paid_date": null, "coupon": null, "discount": 0}}, {"model": "orders.order", "pk": 116, "fields": {"first_name": "Danijela", "last_name": "Marosan", "email": "danijela.marosan36@gmail.com", "address": "581310", "address2": "355235", "postal_code": "D15pppp", "city": "dublin", "shipping_country": "US", "created": "2023-02-17T10:15:20.229Z", "updated": "2023-02-17T10:15:22.754Z", "paid": false, "stripe_id": "", "payment_intent_id": "pi_3McQyMAQpwLvviS00TLjMJRk", "paid_date": null, "coupon": null, "discount": 0}}, {"model": "orders.order", "pk": 117, "fields": {"first_name": "dadada", "last_name": "dada", "email": "danijela.marosan36@gmail.com", "address": "581310", "address2": "355235", "postal_code": "dadadada", "city": "dublin", "shipping_country": "US", "created": "2023-02-17T10:16:43.710Z", "updated": "2023-02-17T10:16:46.170Z", "paid": false, "stripe_id": "", "payment_intent_id": "pi_3McQzhAQpwLvviS00lzEFNLv", "paid_date": null, "coupon": null, "discount": 0}}, {"model": "orders.order", "pk": 118, "fields": {"first_name": "Danijela", "last_name": "Marosan", "email": "danijela.marosan36@gmail.com", "address": "581310", "address2": "355235", "postal_code": "5151", "city": "dadadaa", "shipping_country": "US", "created": "2023-02-17T10:24:41.631Z", "updated": "2023-02-17T10:25:15.039Z", "paid": false, "stripe_id": "", "payment_intent_id": "pi_3McR7uAQpwLvviS02rCvVHVH", "paid_date": null, "coupon": null, "discount": 0}}, {"model": "orders.order", "pk": 119, "fields": {"first_name": "Danijela", "last_name": "Marosan", "email": "danijela.marosan36@gmail.com", "address": "581310", "address2": "355235", "postal_code": "1510", "city": "dublin", "shipping_country": "US", "created": "2023-02-17T10:30:14.961Z", "updated": "2023-02-17T10:30:17.184Z", "paid": false, "stripe_id": "", "payment_intent_id": "pi_3McRCmAQpwLvviS03T44ckWi", "paid_date": null, "coupon": null, "discount": 0}}, {"model": "orders.order", "pk": 120, "fields": {"first_name": "Danijela", "last_name": "Marosan", "email": "danijela.marosan36@gmail.com", "address": "581310", "address2": "355235", "postal_code": "5151", "city": "dublin", "shipping_country": "US", "created": "2023-02-17T10:47:37.704Z", "updated": "2023-02-17T10:49:31.736Z", "paid": false, "stripe_id": "", "payment_intent_id": "pi_3McRVPAQpwLvviS01SbIvjbZ", "paid_date": null, "coupon": null, "discount": 0}}, {"model": "orders.order", "pk": 121, "fields": {"first_name": "Danijela", "last_name": "Marosan", "email": "danijela.marosan36@gmail.com", "address": "581310", "address2": "355235", "postal_code": "44445", "city": "Dublin", "shipping_country": "US", "created": "2023-02-17T11:14:34.688Z", "updated": "2023-02-17T11:14:40.026Z", "paid": false, "stripe_id": "", "payment_intent_id": "pi_3McRtjAQpwLvviS02LF2m7z8", "paid_date": null, "coupon": 2, "discount": 50}}, {"model": "orders.order", "pk": 122, "fields": {"first_name": "Danijela", "last_name": "Marosan", "email": "danijela.marosan36@gmail.com", "address": "581310", "address2": "355235", "postal_code": "1510", "city": "dublin", "shipping_country": "US", "created": "2023-02-17T12:03:44.752Z", "updated": "2023-02-17T12:03:47.936Z", "paid": false, "stripe_id": "", "payment_intent_id": "pi_3McSfHAQpwLvviS00Rv4IzPz", "paid_date": null, "coupon": 2, "discount": 50}}, {"model": "orders.order", "pk": 123, "fields": {"first_name": "Danijela", "last_name": "Marosan", "email": "danijela.marosan36@gmail.com", "address": "581310", "address2": "355235", "postal_code": "1510", "city": "dublin", "shipping_country": "US", "created": "2023-02-17T12:04:21.616Z", "updated": "2023-02-17T12:04:24.958Z", "paid": false, "stripe_id": "", "payment_intent_id": "pi_3McSfsAQpwLvviS03oZCRO86", "paid_date": null, "coupon": null, "discount": 0}}, {"model": "orders.order", "pk": 124, "fields": {"first_name": "Danijela", "last_name": "Marosan", "email": "danijela.marosan36@gmail.com", "address": "581310", "address2": "355235", "postal_code": "1510", "city": "dublin", "shipping_country": "US", "created": "2023-02-17T12:05:14.351Z", "updated": "2023-02-17T12:05:23.996Z", "paid": false, "stripe_id": "", "payment_intent_id": "pi_3McSgpAQpwLvviS006WG14dV", "paid_date": null, "coupon": null, "discount": 0}}, {"model": "orders.order", "pk": 125, "fields": {"first_name": "Danijela", "last_name": "Marosan", "email": "danijela.marosan36@gmail.com", "address": "581310", "address2": "355235", "postal_code": "D15VP94", "city": "dadadaa", "shipping_country": "IE", "created": "2023-02-20T08:09:13.670Z", "updated": "2023-02-20T08:09:16.870Z", "paid": false, "stripe_id": "", "payment_intent_id": "pi_3MdUQyAQpwLvviS03eX4bEs9", "paid_date": null, "coupon": null, "discount": 0}}, {"model": "orders.order", "pk": 126, "fields": {"first_name": "Danijela", "last_name": "Marosan", "email": "danijela.marosan36@gmail.com", "address": "581310", "address2": "355235", "postal_code": "1510", "city": "dublin", "shipping_country": "US", "created": "2023-02-20T14:20:04.371Z", "updated": "2023-02-20T14:20:06.297Z", "paid": false, "stripe_id": "", "payment_intent_id": "pi_3MdaDqAQpwLvviS02JCocmzA", "paid_date": null, "coupon": null, "discount": 0}}, {"model": "orders.order", "pk": 127, "fields": {"first_name": "Danijela", "last_name": "Marosan", "email": "danijela.marosan36@gmail.com", "address": "581310", "address2": "355235", "postal_code": "D15VP94", "city": "dublin", "shipping_country": "US", "created": "2023-02-20T14:51:05.690Z", "updated": "2023-02-20T14:51:08.038Z", "paid": false, "stripe_id": "", "payment_intent_id": "pi_3MdahrAQpwLvviS03NNO31GQ", "paid_date": null, "coupon": null, "discount": 0}}, {"model": "orders.order", "pk": 128, "fields": {"first_name": "Danijela", "last_name": "Marosan", "email": "dmarosan28@gmail.com", "address": "581310", "address2": "355235", "postal_code": "1510", "city": "dublin", "shipping_country": "US", "created": "2023-02-20T14:57:35.020Z", "updated": "2023-02-20T14:57:36.904Z", "paid": false, "stripe_id": "", "payment_intent_id": "pi_3Mdao8AQpwLvviS02Tcn7wOh", "paid_date": null, "coupon": null, "discount": 0}}, {"model": "orders.order", "pk": 129, "fields": {"first_name": "Danijela", "last_name": "Marosan", "email": "danijela.marosan36@gmail.com", "address": "581310", "address2": "355235", "postal_code": "D15VP94", "city": "Dublin", "shipping_country": "US", "created": "2023-02-20T14:59:51.762Z", "updated": "2023-02-20T14:59:53.661Z", "paid": false, "stripe_id": "", "payment_intent_id": "pi_3MdaqLAQpwLvviS029URfnD2", "paid_date": null, "coupon": null, "discount": 0}}, {"model": "orders.order", "pk": 130, "fields": {"first_name": "Danijela", "last_name": "dada", "email": "danijela.marosan36@gmail.com", "address": "581310", "address2": "355235", "postal_code": "D15VP94", "city": "dublin", "shipping_country": "US", "created": "2023-02-20T15:21:25.520Z", "updated": "2023-02-20T15:21:27.403Z", "paid": false, "stripe_id": "", "payment_intent_id": "pi_3MdbBDAQpwLvviS013Uu8oUH", "paid_date": null, "coupon": null, "discount": 0}}, {"model": "orders.order", "pk": 131, "fields": {"first_name": "Danijela", "last_name": "Marosan", "email": "danijela.marosan36@gmail.com", "address": "Apartment 70, Annaly Grove", "address2": null, "postal_code": "D15VP94", "city": "Dublin", "shipping_country": "IE", "created": "2023-02-20T17:34:51.939Z", "updated": "2023-02-20T17:34:55.202Z", "paid": false, "stripe_id": "", "payment_intent_id": "pi_3MddGNAQpwLvviS02R3RXwf9", "paid_date": null, "coupon": null, "discount": 0}}, {"model": "orders.order", "pk": 132, "fields": {"first_name": "Danijela", "last_name": "Marosan", "email": "danijela.marosan36@gmail.com", "address": "Apartment 70, Annaly Grove", "address2": null, "postal_code": "D15VP94", "city": "Dublin", "shipping_country": "IE", "created": "2023-02-20T17:50:10.122Z", "updated": "2023-02-20T17:50:13.291Z", "paid": false, "stripe_id": "", "payment_intent_id": "pi_3MddVBAQpwLvviS02FZRGSnM", "paid_date": null, "coupon": null, "discount": 0}}, {"model": "orders.order", "pk": 133, "fields": {"first_name": "Danijela", "last_name": "Marosan", "email": "danijela.marosan36@gmail.com", "address": "Apartment 70, Annaly Grove", "address2": null, "postal_code": "D15VP94", "city": "Dublin", "shipping_country": "IE", "created": "2023-02-20T18:21:14.516Z", "updated": "2023-02-20T18:21:17.196Z", "paid": false, "stripe_id": "", "payment_intent_id": "pi_3MddzFAQpwLvviS03lnZ2SY1", "paid_date": null, "coupon": null, "discount": 0}}, {"model": "orders.order", "pk": 134, "fields": {"first_name": "Danijela", "last_name": "Marosan", "email": "danijela.marosan36@gmail.com", "address": "Apartment 70, Annaly Grove", "address2": null, "postal_code": "D15VP94", "city": "Dublin", "shipping_country": "IE", "created": "2023-02-20T18:29:46.804Z", "updated": "2023-02-20T18:29:49.460Z", "paid": false, "stripe_id": "", "payment_intent_id": "pi_3Mde7VAQpwLvviS036UybbU2", "paid_date": null, "coupon": null, "discount": 0}}, {"model": "orders.order", "pk": 135, "fields": {"first_name": "Danijela", "last_name": "Marosan", "email": "danijela.marosan36@gmail.com", "address": "Apartment 70, Annaly Grove", "address2": null, "postal_code": "D15VP94", "city": "Dublin", "shipping_country": "IE", "created": "2023-02-20T18:42:44.506Z", "updated": "2023-02-20T18:42:47.533Z", "paid": false, "stripe_id": "", "payment_intent_id": "pi_3MdeK3AQpwLvviS00k3uVvm1", "paid_date": null, "coupon": 2, "discount": 50}}, {"model": "orders.order", "pk": 136, "fields": {"first_name": "Danijela", "last_name": "Marosan", "email": "danijela.marosan36@gmail.com", "address": "Apartment 70, Annaly Grove", "address2": null, "postal_code": "D15VP94", "city": "Dublin", "shipping_country": "IE", "created": "2023-02-20T18:47:45.241Z", "updated": "2023-02-20T18:47:48.197Z", "paid": false, "stripe_id": "", "payment_intent_id": "pi_3MdeOuAQpwLvviS01sJT9ZiN", "paid_date": null, "coupon": 2, "discount": 50}}, {"model": "orders.order", "pk": 137, "fields": {"first_name": "Danijela", "last_name": "Marosan", "email": "danijela.marosan36@gmail.com", "address": "Apartment 70, Annaly Grove", "address2": null, "postal_code": "D15VP94", "city": "Dublin", "shipping_country": "IE", "created": "2023-02-20T19:07:35.294Z", "updated": "2023-02-20T19:07:35.294Z", "paid": false, "stripe_id": "", "payment_intent_id": null, "paid_date": null, "coupon": 2, "discount": 50}}, {"model": "orders.order", "pk": 138, "fields": {"first_name": "Danijela", "last_name": "Marosan", "email": "danijela.marosan36@gmail.com", "address": "Apartment 70, Annaly Grove", "address2": null, "postal_code": "D15VP94", "city": "Dublin", "shipping_country": "IE", "created": "2023-02-20T19:25:22.477Z", "updated": "2023-02-20T19:44:26.187Z", "paid": false, "stripe_id": "", "payment_intent_id": "pi_3MdfHiAQpwLvviS01uaqtbQr", "paid_date": null, "coupon": 2, "discount": 50}}, {"model": "orders.order", "pk": 139, "fields": {"first_name": "Danijela", "last_name": "Marosan", "email": "danijela.marosan36@gmail.com", "address": "Apartment 70, Annaly Grove", "address2": null, "postal_code": "D15VP94", "city": "Dublin", "shipping_country": "IE", "created": "2023-02-20T19:50:59.367Z", "updated": "2023-02-20T19:51:03.054Z", "paid": false, "stripe_id": "", "payment_intent_id": "pi_3MdfO6AQpwLvviS03pSI2QAH", "paid_date": null, "coupon": 2, "discount": 50}}, {"model": "orders.order", "pk": 140, "fields": {"first_name": "Danijela", "last_name": "Marosan", "email": "danijela.marosan36@gmail.com", "address": "Apartment 70, Annaly Grove", "address2": null, "postal_code": "D15VP94", "city": "Dublin", "shipping_country": "IE", "created": "2023-02-20T19:52:33.852Z", "updated": "2023-02-20T19:52:36.515Z", "paid": false, "stripe_id": "", "payment_intent_id": "pi_3MdfPcAQpwLvviS02Zog1Gvf", "paid_date": null, "coupon": 2, "discount": 50}}, {"model": "orders.order", "pk": 141, "fields": {"first_name": "Danijela", "last_name": "Marosan", "email": "danijela.marosan36@gmail.com", "address": "Apartment 70, Annaly Grove", "address2": null, "postal_code": "D15VP94", "city": "Dublin", "shipping_country": "IE", "created": "2023-02-20T19:54:10.834Z", "updated": "2023-02-20T19:54:14.235Z", "paid": false, "stripe_id": "", "payment_intent_id": "pi_3MdfRCAQpwLvviS02uwqPTJ9", "paid_date": null, "coupon": 2, "discount": 50}}, {"model": "orders.order", "pk": 142, "fields": {"first_name": "Danijela", "last_name": "Marosan", "email": "danijela.marosan36@gmail.com", "address": "Apartment 70, Annaly Grove", "address2": null, "postal_code": "D15VP94", "city": "Dublin", "shipping_country": "IE", "created": "2023-02-20T19:56:50.894Z", "updated": "2023-02-20T19:56:53.491Z", "paid": false, "stripe_id": "", "payment_intent_id": "pi_3MdfTlAQpwLvviS00e1OaEl9", "paid_date": null, "coupon": 2, "discount": 50}}, {"model": "orders.order", "pk": 143, "fields": {"first_name": "Danijela", "last_name": "Marosan", "email": "danijela.marosan36@gmail.com", "address": "Apartment 70, Annaly Grove", "address2": null, "postal_code": "D15VP94", "city": "Dublin", "shipping_country": "IE", "created": "2023-02-20T20:24:11.547Z", "updated": "2023-02-20T20:24:14.983Z", "paid": false, "stripe_id": "", "payment_intent_id": "pi_3MdfuEAQpwLvviS00fFNLd1G", "paid_date": null, "coupon": 2, "discount": 50}}, {"model": "orders.order", "pk": 144, "fields": {"first_name": "Danijela", "last_name": "Marosan", "email": "danijela.marosan36@gmail.com", "address": "Apartment 70, Annaly Grove", "address2": null, "postal_code": "D15VP94", "city": "Dublin", "shipping_country": "IE", "created": "2023-02-20T20:27:01.578Z", "updated": "2023-02-20T20:27:04.712Z", "paid": false, "stripe_id": "", "payment_intent_id": "pi_3MdfwyAQpwLvviS02yL3uGXz", "paid_date": null, "coupon": 2, "discount": 50}}, {"model": "orders.order", "pk": 145, "fields": {"first_name": "Danijela", "last_name": "Marosan", "email": "danijela.marosan36@gmail.com", "address": "581310", "address2": "355235", "postal_code": "D15pppp", "city": "dublin", "shipping_country": "US", "created": "2023-02-21T07:26:32.250Z", "updated": "2023-02-21T07:27:51.194Z", "paid": false, "stripe_id": "", "payment_intent_id": "pi_3MdqGRAQpwLvviS02y91jMWZ", "paid_date": null, "coupon": null, "discount": 0}}, {"model": "orders.order", "pk": 146, "fields": {"first_name": "Danijela", "last_name": "Marosan", "email": "danijela.marosan36@gmail.com", "address": "Apartment 70, Annaly Grove", "address2": null, "postal_code": "D15VP94", "city": "Dublin", "shipping_country": "IE", "created": "2023-02-23T22:00:32.649Z", "updated": "2023-02-23T22:00:32.649Z", "paid": false, "stripe_id": "", "payment_intent_id": null, "paid_date": null, "coupon": 2, "discount": 50}}, {"model": "orders.order", "pk": 147, "fields": {"first_name": "Danijela", "last_name": "Marosan", "email": "danijela.marosan36@gmail.com", "address": "Apartment 70, Annaly Grove", "address2": null, "postal_code": "D15VP94", "city": "Dublin", "shipping_country": "IE", "created": "2023-02-23T22:06:45.394Z", "updated": "2023-02-23T22:06:45.394Z", "paid": false, "stripe_id": "", "payment_intent_id": null, "paid_date": null, "coupon": 2, "discount": 50}}, {"model": "orders.order", "pk": 148, "fields": {"first_name": "Danijela", "last_name": "Marosan", "email": "danijela.marosan36@gmail.com", "address": "Apartment 70, Annaly Grove", "address2": null, "postal_code": "D15VP94", "city": "Dublin", "shipping_country": "IE", "created": "2023-02-23T22:07:21.306Z", "updated": "2023-02-23T22:14:48.615Z", "paid": false, "stripe_id": "", "payment_intent_id": "pi_3Men3sAQpwLvviS03ApFgu7t", "paid_date": null, "coupon": 2, "discount": 50}}, {"model": "orders.order", "pk": 149, "fields": {"first_name": "Danijela", "last_name": "Marosan", "email": "danijela.marosan36@gmail.com", "address": "Apartment 70, Annaly Grove", "address2": null, "postal_code": "D15VP94", "city": "Dublin", "shipping_country": "IE", "created": "2023-02-25T11:52:53.465Z", "updated": "2023-02-25T11:53:00.231Z", "paid": false, "stripe_id": "", "payment_intent_id": "pi_3MfMJEAQpwLvviS00LLTKUOn", "paid_date": null, "coupon": 2, "discount": 50}}, {"model": "orders.order", "pk": 150, "fields": {"first_name": "Danijela", "last_name": "Marosan", "email": "danijela.marosan36@gmail.com", "address": "Apartment 70, Annaly Grove", "address2": null, "postal_code": "D15VP94", "city": "Dublin", "shipping_country": "IE", "created": "2023-02-25T14:45:45.095Z", "updated": "2023-02-25T14:47:04.986Z", "paid": false, "stripe_id": "", "payment_intent_id": "pi_3MfP1gAQpwLvviS00gg7a3km", "paid_date": null, "coupon": 2, "discount": 50}}, {"model": "orders.order", "pk": 151, "fields": {"first_name": "Danijela", "last_name": "Marosan", "email": "danijela.marosan36@gmail.com", "address": "Apartment 70, Annaly Grove", "address2": null, "postal_code": "D6W R859", "city": "Dublin 6W", "shipping_country": "IE", "created": "2023-02-25T15:07:04.442Z", "updated": "2023-02-25T15:07:12.227Z", "paid": false, "stripe_id": "", "payment_intent_id": "pi_3MfPLAAQpwLvviS01YoBZLAR", "paid_date": null, "coupon": 2, "discount": 50}}, {"model": "orders.order", "pk": 152, "fields": {"first_name": "Danijela", "last_name": "Marosan", "email": "danijela.marosan36@gmail.com", "address": "Apartment 70, Annaly Grove", "address2": null, "postal_code": "D15VP94", "city": "Dublin", "shipping_country": "IE", "created": "2023-02-25T15:12:22.821Z", "updated": "2023-02-25T15:12:26.471Z", "paid": false, "stripe_id": "", "payment_intent_id": "pi_3MfPQEAQpwLvviS00haclIO6", "paid_date": null, "coupon": 2, "discount": 50}}, {"model": "orders.order", "pk": 153, "fields": {"first_name": "Danijela", "last_name": "Marosan", "email": "danijela.marosan36@gmail.com", "address": "Apartment 70, Annaly Grove", "address2": null, "postal_code": "D15VP94", "city": "Dublin", "shipping_country": "IE", "created": "2023-02-25T15:15:36.318Z", "updated": "2023-02-25T15:15:39.821Z", "paid": false, "stripe_id": "", "payment_intent_id": "pi_3MfPTLAQpwLvviS01QDWVQBt", "paid_date": null, "coupon": 2, "discount": 50}}, {"model": "orders.order", "pk": 154, "fields": {"first_name": "Danijela", "last_name": "Marosan", "email": "danijela.marosan36@gmail.com", "address": "Apartment 70, Annaly Grove", "address2": null, "postal_code": "D15VP94", "city": "Dublin", "shipping_country": "IE", "created": "2023-02-25T15:51:03.213Z", "updated": "2023-02-25T15:51:07.145Z", "paid": false, "stripe_id": "", "payment_intent_id": "pi_3MfQ1eAQpwLvviS02gVO9HLF", "paid_date": null, "coupon": 2, "discount": 50}}, {"model": "orders.order", "pk": 155, "fields": {"first_name": "Danijela", "last_name": "Marosan", "email": "danijela.marosan36@gmail.com", "address": "Apartment 70, Annaly Grove", "address2": null, "postal_code": "D15VP94", "city": "Dublin", "shipping_country": "IE", "created": "2023-02-25T16:26:00.212Z", "updated": "2023-02-25T16:33:45.446Z", "paid": false, "stripe_id": "", "payment_intent_id": "pi_3MfQgvAQpwLvviS00AlTAFTd", "paid_date": null, "coupon": 2, "discount": 50}}, {"model": "orders.order", "pk": 156, "fields": {"first_name": "Danijela", "last_name": "Marosan", "email": "danijela.marosan36@gmail.com", "address": "Apartment 70, Annaly Grove", "address2": null, "postal_code": "D15VP94", "city": "Dublin", "shipping_country": "IE", "created": "2023-02-25T16:42:21.886Z", "updated": "2023-02-25T16:42:45.520Z", "paid": false, "stripe_id": "", "payment_intent_id": "pi_3MfQpKAQpwLvviS00TnzUraK", "paid_date": "2023-02-25T16:42:45.519Z", "coupon": 2, "discount": 50}}, {"model": "orders.order", "pk": 157, "fields": {"first_name": "Danijela", "last_name": "Marosan", "email": "danijela.marosan36@gmail.com", "address": "Apartment 70, Annaly Grove", "address2": null, "postal_code": "D15VP94", "city": "Dublin", "shipping_country": "IE", "created": "2023-02-25T16:48:08.406Z", "updated": "2023-02-25T16:48:31.154Z", "paid": false, "stripe_id": "", "payment_intent_id": "pi_3MfQuvAQpwLvviS03hPtwTom", "paid_date": "2023-02-25T16:48:31.154Z", "coupon": 2, "discount": 50}}, {"model": "orders.order", "pk": 158, "fields": {"first_name": "Danijela", "last_name": "Marosan", "email": "danijela.marosan36@gmail.com", "address": "Apartment 70, Annaly Grove", "address2": null, "postal_code": "D15VP94", "city": "Dublin", "shipping_country": "IE", "created": "2023-02-25T16:55:15.437Z", "updated": "2023-02-25T16:55:37.812Z", "paid": false, "stripe_id": "", "payment_intent_id": "pi_3MfR1mAQpwLvviS03tDkUcWv", "paid_date": "2023-02-25T16:55:37.811Z", "coupon": 2, "discount": 50}}, {"model": "orders.order", "pk": 159, "fields": {"first_name": "Danijela", "last_name": "Marosan", "email": "danijela.marosan36@gmail.com", "address": "Apartment 70, Annaly Grove", "address2": null, "postal_code": "D15VP94", "city": "Dublin", "shipping_country": "IE", "created": "2023-02-25T20:28:00.308Z", "updated": "2023-02-25T20:28:24.021Z", "paid": false, "stripe_id": "", "payment_intent_id": "pi_3MfULgAQpwLvviS02fWxouiI", "paid_date": "2023-02-25T20:28:24.021Z", "coupon": 2, "discount": 50}}, {"model": "orders.orderitem", "pk": 12, "fields": {"order": 14, "product": 14, "price": "950.00", "quantity": 1}}, {"model": "orders.orderitem", "pk": 13, "fields": {"order": 15, "product": 14, "price": "950.00", "quantity": 2}}, {"model": "orders.orderitem", "pk": 14, "fields": {"order": 16, "product": 14, "price": "950.00", "quantity": 1}}, {"model": "orders.orderitem", "pk": 15, "fields": {"order": 17, "product": 14, "price": "950.00", "quantity": 1}}, {"model": "orders.orderitem", "pk": 16, "fields": {"order": 18, "product": 9, "price": "14999.99", "quantity": 1}}, {"model": "orders.orderitem", "pk": 17, "fields": {"order": 18, "product": 14, "price": "950.00", "quantity": 1}}, {"model": "orders.orderitem", "pk": 18, "fields": {"order": 19, "product": 9, "price": "14999.99", "quantity": 1}}, {"model": "orders.orderitem", "pk": 19, "fields": {"order": 20, "product": 9, "price": "14999.99", "quantity": 1}}, {"model": "orders.orderitem", "pk": 20, "fields": {"order": 21, "product": 9, "price": "14999.99", "quantity": 1}}, {"model": "orders.orderitem", "pk": 21, "fields": {"order": 22, "product": 14, "price": "950.00", "quantity": 1}}, {"model": "orders.orderitem", "pk": 22, "fields": {"order": 23, "product": 14, "price": "950.00", "quantity": 1}}, {"model": "orders.orderitem", "pk": 23, "fields": {"order": 26, "product": 14, "price": "950.00", "quantity": 1}}, {"model": "orders.orderitem", "pk": 24, "fields": {"order": 30, "product": 14, "price": "950.00", "quantity": 2}}, {"model": "orders.orderitem", "pk": 25, "fields": {"order": 31, "product": 14, "price": "950.00", "quantity": 1}}, {"model": "orders.orderitem", "pk": 26, "fields": {"order": 32, "product": 14, "price": "950.00", "quantity": 1}}, {"model": "orders.orderitem", "pk": 27, "fields": {"order": 33, "product": 5, "price": "1000.00", "quantity": 1}}, {"model": "orders.orderitem", "pk": 28, "fields": {"order": 34, "product": 14, "price": "950.00", "quantity": 1}}, {"model": "orders.orderitem", "pk": 29, "fields": {"order": 35, "product": 9, "price": "14999.99", "quantity": 1}}, {"model": "orders.orderitem", "pk": 30, "fields": {"order": 36, "product": 9, "price": "14999.99", "quantity": 1}}, {"model": "orders.orderitem", "pk": 31, "fields": {"order": 37, "product": 14, "price": "950.00", "quantity": 1}}, {"model": "orders.orderitem", "pk": 32, "fields": {"order": 38, "product": 9, "price": "14999.99", "quantity": 1}}, {"model": "orders.orderitem", "pk": 33, "fields": {"order": 39, "product": 9, "price": "14999.99", "quantity": 1}}, {"model": "orders.orderitem", "pk": 34, "fields": {"order": 40, "product": 14, "price": "950.00", "quantity": 1}}, {"model": "orders.orderitem", "pk": 35, "fields": {"order": 40, "product": 5, "price": "1000.00", "quantity": 1}}, {"model": "orders.orderitem", "pk": 36, "fields": {"order": 41, "product": 14, "price": "950.00", "quantity": 1}}, {"model": "orders.orderitem", "pk": 37, "fields": {"order": 42, "product": 9, "price": "14999.99", "quantity": 1}}, {"model": "orders.orderitem", "pk": 38, "fields": {"order": 43, "product": 9, "price": "14999.99", "quantity": 1}}, {"model": "orders.orderitem", "pk": 39, "fields": {"order": 44, "product": 9, "price": "14999.99", "quantity": 1}}, {"model": "orders.orderitem", "pk": 40, "fields": {"order": 45, "product": 9, "price": "14999.99", "quantity": 1}}, {"model": "orders.orderitem", "pk": 41, "fields": {"order": 46, "product": 14, "price": "950.00", "quantity": 1}}, {"model": "orders.orderitem", "pk": 42, "fields": {"order": 47, "product": 14, "price": "950.00", "quantity": 1}}, {"model": "orders.orderitem", "pk": 43, "fields": {"order": 48, "product": 14, "price": "950.00", "quantity": 1}}, {"model": "orders.orderitem", "pk": 44, "fields": {"order": 49, "product": 14, "price": "950.00", "quantity": 1}}, {"model": "orders.orderitem", "pk": 45, "fields": {"order": 50, "product": 14, "price": "950.00", "quantity": 1}}, {"model": "orders.orderitem", "pk": 46, "fields": {"order": 52, "product": 14, "price": "950.00", "quantity": 1}}, {"model": "orders.orderitem", "pk": 47, "fields": {"order": 54, "product": 14, "price": "950.00", "quantity": 1}}, {"model": "orders.orderitem", "pk": 48, "fields": {"order": 55, "product": 9, "price": "14999.99", "quantity": 1}}, {"model": "orders.orderitem", "pk": 49, "fields": {"order": 56, "product": 9, "price": "14999.99", "quantity": 1}}, {"model": "orders.orderitem", "pk": 50, "fields": {"order": 57, "product": 14, "price": "950.00", "quantity": 1}}, {"model": "orders.orderitem", "pk": 51, "fields": {"order": 58, "product": 9, "price": "14999.99", "quantity": 1}}, {"model": "orders.orderitem", "pk": 52, "fields": {"order": 59, "product": 14, "price": "950.00", "quantity": 3}}, {"model": "orders.orderitem", "pk": 53, "fields": {"order": 60, "product": 9, "price": "14999.99", "quantity": 1}}, {"model": "orders.orderitem", "pk": 54, "fields": {"order": 61, "product": 9, "price": "14999.99", "quantity": 1}}, {"model": "orders.orderitem", "pk": 55, "fields": {"order": 62, "product": 14, "price": "950.00", "quantity": 1}}, {"model": "orders.orderitem", "pk": 56, "fields": {"order": 63, "product": 14, "price": "950.00", "quantity": 1}}, {"model": "orders.orderitem", "pk": 57, "fields": {"order": 64, "product": 5, "price": "1000.00", "quantity": 1}}, {"model": "orders.orderitem", "pk": 58, "fields": {"order": 65, "product": 9, "price": "14999.99", "quantity": 1}}, {"model": "orders.orderitem", "pk": 59, "fields": {"order": 66, "product": 14, "price": "950.00", "quantity": 1}}, {"model": "orders.orderitem", "pk": 60, "fields": {"order": 67, "product": 9, "price": "14999.99", "quantity": 1}}, {"model": "orders.orderitem", "pk": 61, "fields": {"order": 68, "product": 5, "price": "1000.00", "quantity": 1}}, {"model": "orders.orderitem", "pk": 62, "fields": {"order": 69, "product": 5, "price": "1000.00", "quantity": 1}}, {"model": "orders.orderitem", "pk": 63, "fields": {"order": 70, "product": 9, "price": "14999.99", "quantity": 2}}, {"model": "orders.orderitem", "pk": 64, "fields": {"order": 70, "product": 5, "price": "1000.00", "quantity": 1}}, {"model": "orders.orderitem", "pk": 65, "fields": {"order": 71, "product": 9, "price": "14999.99", "quantity": 1}}, {"model": "orders.orderitem", "pk": 66, "fields": {"order": 72, "product": 9, "price": "14999.99", "quantity": 1}}, {"model": "orders.orderitem", "pk": 67, "fields": {"order": 73, "product": 9, "price": "14999.99", "quantity": 1}}, {"model": "orders.orderitem", "pk": 68, "fields": {"order": 74, "product": 9, "price": "14999.99", "quantity": 1}}, {"model": "orders.orderitem", "pk": 69, "fields": {"order": 75, "product": 14, "price": "950.00", "quantity": 2}}, {"model": "orders.orderitem", "pk": 70, "fields": {"order": 76, "product": 9, "price": "14999.99", "quantity": 1}}, {"model": "orders.orderitem", "pk": 71, "fields": {"order": 77, "product": 9, "price": "14999.99", "quantity": 1}}, {"model": "orders.orderitem", "pk": 72, "fields": {"order": 78, "product": 14, "price": "950.00", "quantity": 1}}, {"model": "orders.orderitem", "pk": 73, "fields": {"order": 79, "product": 9, "price": "14999.99", "quantity": 1}}, {"model": "orders.orderitem", "pk": 74, "fields": {"order": 80, "product": 14, "price": "950.00", "quantity": 1}}, {"model": "orders.orderitem", "pk": 75, "fields": {"order": 81, "product": 9, "price": "14999.99", "quantity": 1}}, {"model": "orders.orderitem", "pk": 76, "fields": {"order": 81, "product": 14, "price": "950.00", "quantity": 1}}, {"model": "orders.orderitem", "pk": 77, "fields": {"order": 83, "product": 9, "price": "14999.99", "quantity": 1}}, {"model": "orders.orderitem", "pk": 78, "fields": {"order": 84, "product": 14, "price": "950.00", "quantity": 1}}, {"model": "orders.orderitem", "pk": 79, "fields": {"order": 85, "product": 14, "price": "950.00", "quantity": 1}}, {"model": "orders.orderitem", "pk": 80, "fields": {"order": 86, "product": 9, "price": "14999.99", "quantity": 1}}, {"model": "orders.orderitem", "pk": 81, "fields": {"order": 87, "product": 9, "price": "14999.99", "quantity": 1}}, {"model": "orders.orderitem", "pk": 82, "fields": {"order": 88, "product": 14, "price": "950.00", "quantity": 1}}, {"model": "orders.orderitem", "pk": 83, "fields": {"order": 89, "product": 9, "price": "14999.99", "quantity": 1}}, {"model": "orders.orderitem", "pk": 84, "fields": {"order": 90, "product": 9, "price": "14999.99", "quantity": 1}}, {"model": "orders.orderitem", "pk": 85, "fields": {"order": 91, "product": 14, "price": "950.00", "quantity": 1}}, {"model": "orders.orderitem", "pk": 86, "fields": {"order": 91, "product": 9, "price": "14999.99", "quantity": 1}}, {"model": "orders.orderitem", "pk": 87, "fields": {"order": 92, "product": 14, "price": "950.00", "quantity": 1}}, {"model": "orders.orderitem", "pk": 88, "fields": {"order": 93, "product": 14, "price": "950.00", "quantity": 1}}, {"model": "orders.orderitem", "pk": 89, "fields": {"order": 94, "product": 9, "price": "14999.99", "quantity": 1}}, {"model": "orders.orderitem", "pk": 90, "fields": {"order": 95, "product": 9, "price": "14999.99", "quantity": 1}}, {"model": "orders.orderitem", "pk": 91, "fields": {"order": 96, "product": 9, "price": "14999.99", "quantity": 1}}, {"model": "orders.orderitem", "pk": 92, "fields": {"order": 97, "product": 9, "price": "14999.99", "quantity": 1}}, {"model": "orders.orderitem", "pk": 93, "fields": {"order": 98, "product": 9, "price": "14999.99", "quantity": 1}}, {"model": "orders.orderitem", "pk": 94, "fields": {"order": 99, "product": 9, "price": "14999.99", "quantity": 1}}, {"model": "orders.orderitem", "pk": 95, "fields": {"order": 100, "product": 9, "price": "14999.99", "quantity": 1}}, {"model": "orders.orderitem", "pk": 96, "fields": {"order": 101, "product": 9, "price": "14999.99", "quantity": 1}}, {"model": "orders.orderitem", "pk": 97, "fields": {"order": 102, "product": 14, "price": "950.00", "quantity": 1}}, {"model": "orders.orderitem", "pk": 98, "fields": {"order": 103, "product": 9, "price": "14999.99", "quantity": 1}}, {"model": "orders.orderitem", "pk": 99, "fields": {"order": 104, "product": 14, "price": "950.00", "quantity": 1}}, {"model": "orders.orderitem", "pk": 100, "fields": {"order": 105, "product": 9, "price": "14999.99", "quantity": 2}}, {"model": "orders.orderitem", "pk": 101, "fields": {"order": 106, "product": 9, "price": "14999.99", "quantity": 1}}, {"model": "orders.orderitem", "pk": 102, "fields": {"order": 107, "product": 9, "price": "14999.99", "quantity": 1}}, {"model": "orders.orderitem", "pk": 103, "fields": {"order": 108, "product": 9, "price": "14999.99", "quantity": 1}}, {"model": "orders.orderitem", "pk": 104, "fields": {"order": 109, "product": 9, "price": "14999.99", "quantity": 1}}, {"model": "orders.orderitem", "pk": 105, "fields": {"order": 110, "product": 5, "price": "1000.00", "quantity": 1}}, {"model": "orders.orderitem", "pk": 106, "fields": {"order": 111, "product": 9, "price": "14999.99", "quantity": 1}}, {"model": "orders.orderitem", "pk": 107, "fields": {"order": 112, "product": 9, "price": "14999.99", "quantity": 1}}, {"model": "orders.orderitem", "pk": 108, "fields": {"order": 113, "product": 9, "price": "14999.99", "quantity": 1}}, {"model": "orders.orderitem", "pk": 109, "fields": {"order": 114, "product": 14, "price": "950.00", "quantity": 1}}, {"model": "orders.orderitem", "pk": 110, "fields": {"order": 115, "product": 9, "price": "14999.99", "quantity": 1}}, {"model": "orders.orderitem", "pk": 111, "fields": {"order": 116, "product": 9, "price": "14999.99", "quantity": 1}}, {"model": "orders.orderitem", "pk": 112, "fields": {"order": 117, "product": 9, "price": "14999.99", "quantity": 1}}, {"model": "orders.orderitem", "pk": 113, "fields": {"order": 118, "product": 9, "price": "14999.99", "quantity": 1}}, {"model": "orders.orderitem", "pk": 114, "fields": {"order": 119, "product": 9, "price": "14999.99", "quantity": 1}}, {"model": "orders.orderitem", "pk": 115, "fields": {"order": 120, "product": 9, "price": "14999.99", "quantity": 1}}, {"model": "orders.orderitem", "pk": 116, "fields": {"order": 121, "product": 14, "price": "950.00", "quantity": 1}}, {"model": "orders.orderitem", "pk": 117, "fields": {"order": 121, "product": 9, "price": "14999.99", "quantity": 1}}, {"model": "orders.orderitem", "pk": 118, "fields": {"order": 122, "product": 2, "price": "750.00", "quantity": 1}}, {"model": "orders.orderitem", "pk": 119, "fields": {"order": 123, "product": 9, "price": "14999.99", "quantity": 1}}, {"model": "orders.orderitem", "pk": 120, "fields": {"order": 124, "product": 9, "price": "14999.99", "quantity": 1}}, {"model": "orders.orderitem", "pk": 121, "fields": {"order": 125, "product": 14, "price": "950.00", "quantity": 1}}, {"model": "orders.orderitem", "pk": 122, "fields": {"order": 126, "product": 14, "price": "950.00", "quantity": 1}}, {"model": "orders.orderitem", "pk": 123, "fields": {"order": 127, "product": 9, "price": "14999.99", "quantity": 1}}, {"model": "orders.orderitem", "pk": 124, "fields": {"order": 128, "product": 12, "price": "890.00", "quantity": 1}}, {"model": "orders.orderitem", "pk": 125, "fields": {"order": 129, "product": 4, "price": "889.99", "quantity": 1}}, {"model": "orders.orderitem", "pk": 126, "fields": {"order": 130, "product": 11, "price": "10000.00", "quantity": 1}}, {"model": "orders.orderitem", "pk": 127, "fields": {"order": 131, "product": 9, "price": "14999.99", "quantity": 1}}, {"model": "orders.orderitem", "pk": 128, "fields": {"order": 132, "product": 9, "price": "14999.99", "quantity": 1}}, {"model": "orders.orderitem", "pk": 129, "fields": {"order": 133, "product": 13, "price": "750.00", "quantity": 1}}, {"model": "orders.orderitem", "pk": 130, "fields": {"order": 134, "product": 10, "price": "1700.00", "quantity": 1}}, {"model": "orders.orderitem", "pk": 131, "fields": {"order": 135, "product": 13, "price": "750.00", "quantity": 1}}, {"model": "orders.orderitem", "pk": 132, "fields": {"order": 136, "product": 7, "price": "749.99", "quantity": 1}}, {"model": "orders.orderitem", "pk": 133, "fields": {"order": 137, "product": 5, "price": "1000.00", "quantity": 1}}, {"model": "orders.orderitem", "pk": 134, "fields": {"order": 138, "product": 9, "price": "14999.99", "quantity": 1}}, {"model": "orders.orderitem", "pk": 135, "fields": {"order": 139, "product": 13, "price": "750.00", "quantity": 1}}, {"model": "orders.orderitem", "pk": 136, "fields": {"order": 140, "product": 5, "price": "1000.00", "quantity": 1}}, {"model": "orders.orderitem", "pk": 137, "fields": {"order": 141, "product": 13, "price": "750.00", "quantity": 1}}, {"model": "orders.orderitem", "pk": 138, "fields": {"order": 142, "product": 6, "price": "850.00", "quantity": 1}}, {"model": "orders.orderitem", "pk": 139, "fields": {"order": 143, "product": 2, "price": "750.00", "quantity": 1}}, {"model": "orders.orderitem", "pk": 140, "fields": {"order": 144, "product": 11, "price": "10000.00", "quantity": 1}}, {"model": "orders.orderitem", "pk": 141, "fields": {"order": 145, "product": 6, "price": "850.00", "quantity": 1}}, {"model": "orders.orderitem", "pk": 142, "fields": {"order": 146, "product": 14, "price": "950.00", "quantity": 1}}, {"model": "orders.orderitem", "pk": 143, "fields": {"order": 146, "product": 9, "price": "14999.99", "quantity": 1}}, {"model": "orders.orderitem", "pk": 144, "fields": {"order": 148, "product": 7, "price": "749.99", "quantity": 1}}, {"model": "orders.orderitem", "pk": 145, "fields": {"order": 149, "product": 9, "price": "14999.99", "quantity": 1}}, {"model": "orders.orderitem", "pk": 146, "fields": {"order": 150, "product": 5, "price": "1000.00", "quantity": 1}}, {"model": "orders.orderitem", "pk": 147, "fields": {"order": 151, "product": 13, "price": "750.00", "quantity": 1}}, {"model": "orders.orderitem", "pk": 148, "fields": {"order": 152, "product": 5, "price": "1000.00", "quantity": 1}}, {"model": "orders.orderitem", "pk": 149, "fields": {"order": 153, "product": 13, "price": "750.00", "quantity": 1}}, {"model": "orders.orderitem", "pk": 150, "fields": {"order": 154, "product": 13, "price": "750.00", "quantity": 1}}, {"model": "orders.orderitem", "pk": 151, "fields": {"order": 155, "product": 5, "price": "1000.00", "quantity": 1}}, {"model": "orders.orderitem", "pk": 152, "fields": {"order": 156, "product": 9, "price": "14999.99", "quantity": 1}}, {"model": "orders.orderitem", "pk": 153, "fields": {"order": 157, "product": 5, "price": "1000.00", "quantity": 1}}, {"model": "orders.orderitem", "pk": 154, "fields": {"order": 158, "product": 13, "price": "750.00", "quantity": 1}}, {"model": "orders.orderitem", "pk": 155, "fields": {"order": 159, "product": 9, "price": "14999.99", "quantity": 2}}, {"model": "coupons.coupon", "pk": 1, "fields": {"code": "JANUARY20", "valid_from": "2023-01-21T16:25:54Z", "valid_to": "2023-01-31T16:26:03Z", "discount": 20, "active": false}}, {"model": "coupons.coupon", "pk": 2, "fields": {"code": "FEBRUARY50", "valid_from": "2023-02-14T21:20:43Z", "valid_to": "2023-02-28T21:20:55Z", "discount": 50, "active": true}}, {"model": "delivery.deliveryoption", "pk": 1, "fields": {"name": "Standard Shipping", "price": "5.99"}}, {"model": "delivery.deliveryoption", "pk": 2, "fields": {"name": "Express Shipping", "price": "10.99"}}, {"model": "users.subscribedusers", "pk": 1, "fields": {"name": "Teo", "email": "dmarosan28@gmail.com", "created_date": "2023-01-24T21:55:58.563Z"}}, {"model": "users.subscribedusers", "pk": 2, "fields": {"name": "ivan", "email": "ivic@gmail.com", "created_date": "2023-01-24T21:56:31.804Z"}}, {"model": "users.subscribedusers", "pk": 3, "fields": {"name": "pero", "email": "peric@gmail.com", "created_date": "2023-01-24T21:59:25.899Z"}}, {"model": "users.subscribedusers", "pk": 4, "fields": {"name": "ST70 Window System ", "email": "pep@gmail.com", "created_date": "2023-02-21T07:29:18.319Z"}}, {"model": "users.subscribedusers", "pk": 5, "fields": {"name": "ana", "email": "aa@gmail.com", "created_date": "2023-02-22T18:24:39.501Z"}}, {"model": "users.subscribedusers", "pk": 6, "fields": {"name": "me", "email": "me@gmail.com", "created_date": "2023-02-25T11:51:23.081Z"}}, {"model": "users.profile", "pk": 1, "fields": {"user": 1, "date_of_birth": "1999-08-20", "alt": "no-img"}}]